priority_rank,section,entry_type,entry_id,sport,competition,event,market_family,market_selection,line_or_alternatives,pricing_tier,odds_status,evidence_quality,confidence,thesis,counter_evidence,line_sensitivity,correlation_tags,optional_superbet_check_priority,why_useful_even_without_odds,what_odds_needed_only_for_price_stake_decision
1,TOP_UNPRICED_DEEP_ANALYTICAL_CANDIDATES,candidate,analysis_basketball_austria_vs_poland_2026_07_03t160000_0000_totals_line_sensitive_unpriced,basketball,"International - FIBA World Cup, European Qualifiers, Group F",Austria vs Poland,totals,Total points - operator line requires confirmation :: Austria,LINE_REQUIRES_OPERATOR_CHECK,UNPRICED_DEEP_ANALYTICAL,UNPRICED,MEDIUM,MEDIUM,"Retain `Total points - operator line requires confirmation` as an analysis-first candidate for Austria vs Poland; the line is unresolved, but the event-level evidence remains useful and the price gate is the only blocker.","Independent lineup, injury, and referee feeds were not preserved in the upstream artifact set.; The Odds API provenance is auditable but still not event-specific raw bookmaker capture strength.; Exact operator-comparable line was not preserved in the provider row.",HIGH,basketball_austria_vs_poland_2026_07_03t160000_0000; result; totals; line_sensitive_unpriced,MEDIUM,Analysis is evidence-led and price only gates EV/stake/final coupon.,"Human-entered Superbet market, exact line, decimal odds, timestamp, and correlation gate result."
2,TOP_UNPRICED_DEEP_ANALYTICAL_CANDIDATES,candidate,analysis_basketball_belgium_vs_france_2026_07_03t183000_0000_totals_line_sensitive_unpriced,basketball,"International - FIBA World Cup, European Qualifiers, Group G",Belgium vs France,totals,Total points - operator line requires confirmation :: Belgium,LINE_REQUIRES_OPERATOR_CHECK,UNPRICED_DEEP_ANALYTICAL,UNPRICED,MEDIUM,MEDIUM,"Retain `Total points - operator line requires confirmation` as an analysis-first candidate for Belgium vs France; the line is unresolved, but the event-level evidence remains useful and the price gate is the only blocker.","Independent lineup, injury, and referee feeds were not preserved in the upstream artifact set.; The Odds API provenance is auditable but still not event-specific raw bookmaker capture strength.; Exact operator-comparable line was not preserved in the provider row.",HIGH,basketball_belgium_vs_france_2026_07_03t183000_0000; result; totals; line_sensitive_unpriced,MEDIUM,Analysis is evidence-led and price only gates EV/stake/final coupon.,"Human-entered Superbet market, exact line, decimal odds, timestamp, and correlation gate result."
3,TOP_UNPRICED_DEEP_ANALYTICAL_CANDIDATES,candidate,analysis_basketball_canterbury_rams_vs_manawatu_jets_2026_07_03t073000_0000_totals_line_sensitive_unpriced,basketball,New Zealand - NBL,Canterbury Rams vs Manawatu Jets,totals,Total points - operator line requires confirmation :: Canterbury Rams,LINE_REQUIRES_OPERATOR_CHECK,UNPRICED_DEEP_ANALYTICAL,UNPRICED,MEDIUM,MEDIUM,"Retain `Total points - operator line requires confirmation` as an analysis-first candidate for Canterbury Rams vs Manawatu Jets; the line is unresolved, but the event-level evidence remains useful and the price gate is the only blocker.","Independent lineup, injury, and referee feeds were not preserved in the upstream artifact set.; The Odds API provenance is auditable but still not event-specific raw bookmaker capture strength.; Exact operator-comparable line was not preserved in the provider row.",HIGH,basketball_canterbury_rams_vs_manawatu_jets_2026_07_03t073000_0000; result; totals; line_sensitive_unpriced,MEDIUM,Analysis is evidence-led and price only gates EV/stake/final coupon.,"Human-entered Superbet market, exact line, decimal odds, timestamp, and correlation gate result."
4,TOP_UNPRICED_DEEP_ANALYTICAL_CANDIDATES,candidate,analysis_basketball_china_vs_japan_2026_07_03t113000_0000_totals_line_sensitive_unpriced,basketball,"International - FIBA World Cup, Asian & Oceanian Qualifiers, Gr. B",China vs Japan,totals,Total points - operator line requires confirmation :: China,LINE_REQUIRES_OPERATOR_CHECK,UNPRICED_DEEP_ANALYTICAL,UNPRICED,MEDIUM,MEDIUM,"Retain `Total points - operator line requires confirmation` as an analysis-first candidate for China vs Japan; the line is unresolved, but the event-level evidence remains useful and the price gate is the only blocker.","Independent lineup, injury, and referee feeds were not preserved in the upstream artifact set.; The Odds API provenance is auditable but still not event-specific raw bookmaker capture strength.; Exact operator-comparable line was not preserved in the provider row.",HIGH,basketball_china_vs_japan_2026_07_03t113000_0000; result; totals; line_sensitive_unpriced,MEDIUM,Analysis is evidence-led and price only gates EV/stake/final coupon.,"Human-entered Superbet market, exact line, decimal odds, timestamp, and correlation gate result."
5,TOP_UNPRICED_DEEP_ANALYTICAL_CANDIDATES,candidate,analysis_basketball_finland_vs_hungary_2026_07_03t153000_0000_totals_line_sensitive_unpriced,basketball,"International - FIBA World Cup, European Qualifiers, Group G",Finland vs Hungary,totals,Total points - operator line requires confirmation :: Finland,LINE_REQUIRES_OPERATOR_CHECK,UNPRICED_DEEP_ANALYTICAL,UNPRICED,MEDIUM,MEDIUM,"Retain `Total points - operator line requires confirmation` as an analysis-first candidate for Finland vs Hungary; the line is unresolved, but the event-level evidence remains useful and the price gate is the only blocker.","Independent lineup, injury, and referee feeds were not preserved in the upstream artifact set.; The Odds API provenance is auditable but still not event-specific raw bookmaker capture strength.; Exact operator-comparable line was not preserved in the provider row.",HIGH,basketball_finland_vs_hungary_2026_07_03t153000_0000; result; totals; line_sensitive_unpriced,MEDIUM,Analysis is evidence-led and price only gates EV/stake/final coupon.,"Human-entered Superbet market, exact line, decimal odds, timestamp, and correlation gate result."
6,TOP_UNPRICED_DEEP_ANALYTICAL_CANDIDATES,candidate,analysis_basketball_israel_vs_germany_2026_07_03t170000_0000_totals_line_sensitive_unpriced,basketball,"International - FIBA World Cup, European Qualifiers, Group E",Israel vs Germany,totals,Total points - operator line requires confirmation :: Israel,LINE_REQUIRES_OPERATOR_CHECK,UNPRICED_DEEP_ANALYTICAL,UNPRICED,MEDIUM,MEDIUM,"Retain `Total points - operator line requires confirmation` as an analysis-first candidate for Israel vs Germany; the line is unresolved, but the event-level evidence remains useful and the price gate is the only blocker.","Independent lineup, injury, and referee feeds were not preserved in the upstream artifact set.; The Odds API provenance is auditable but still not event-specific raw bookmaker capture strength.; Exact operator-comparable line was not preserved in the provider row.",HIGH,basketball_israel_vs_germany_2026_07_03t170000_0000; result; totals; line_sensitive_unpriced,MEDIUM,Analysis is evidence-led and price only gates EV/stake/final coupon.,"Human-entered Superbet market, exact line, decimal odds, timestamp, and correlation gate result."
7,TOP_UNPRICED_DEEP_ANALYTICAL_CANDIDATES,candidate,analysis_basketball_korea_republic_vs_chinese_taipei_2026_07_03t103000_0000_totals_line_sensitive_unpriced,basketball,"International - FIBA World Cup, Asian & Oceanian Qualifiers, Gr. B",Korea Republic vs Chinese Taipei,totals,Total points - operator line requires confirmation :: Korea Republic,LINE_REQUIRES_OPERATOR_CHECK,UNPRICED_DEEP_ANALYTICAL,UNPRICED,MEDIUM,MEDIUM,"Retain `Total points - operator line requires confirmation` as an analysis-first candidate for Korea Republic vs Chinese Taipei; the line is unresolved, but the event-level evidence remains useful and the price gate is the only blocker.","Independent lineup, injury, and referee feeds were not preserved in the upstream artifact set.; The Odds API provenance is auditable but still not event-specific raw bookmaker capture strength.; Exact operator-comparable line was not preserved in the provider row.",HIGH,basketball_korea_republic_vs_chinese_taipei_2026_07_03t103000_0000; result; totals; line_sensitive_unpriced,MEDIUM,Analysis is evidence-led and price only gates EV/stake/final coupon.,"Human-entered Superbet market, exact line, decimal odds, timestamp, and correlation gate result."
8,TOP_UNPRICED_DEEP_ANALYTICAL_CANDIDATES,candidate,analysis_basketball_netherlands_vs_latvia_2026_07_03t173000_0000_totals_line_sensitive_unpriced,basketball,"International - FIBA World Cup, European Qualifiers, Group F",Netherlands vs Latvia,totals,Total points - operator line requires confirmation :: Netherlands,LINE_REQUIRES_OPERATOR_CHECK,UNPRICED_DEEP_ANALYTICAL,UNPRICED,MEDIUM,MEDIUM,"Retain `Total points - operator line requires confirmation` as an analysis-first candidate for Netherlands vs Latvia; the line is unresolved, but the event-level evidence remains useful and the price gate is the only blocker.","Independent lineup, injury, and referee feeds were not preserved in the upstream artifact set.; The Odds API provenance is auditable but still not event-specific raw bookmaker capture strength.; Exact operator-comparable line was not preserved in the provider row.",HIGH,basketball_netherlands_vs_latvia_2026_07_03t173000_0000; result; totals; line_sensitive_unpriced,MEDIUM,Analysis is evidence-led and price only gates EV/stake/final coupon.,"Human-entered Superbet market, exact line, decimal odds, timestamp, and correlation gate result."
9,TOP_UNPRICED_DEEP_ANALYTICAL_CANDIDATES,candidate,analysis_cs2_big_vs_mibr_2026_07_03t080000_0000_total_maps_line_sensitive_unpriced,cs2,XSE Pro League,BIG vs MIBR,total_maps,Total maps - operator line requires confirmation :: BIG,LINE_REQUIRES_OPERATOR_CHECK,UNPRICED_DEEP_ANALYTICAL,UNPRICED,MEDIUM,MEDIUM,"Retain `Total maps - operator line requires confirmation` as an analysis-first candidate for BIG vs MIBR; the line is unresolved, but the event-level evidence remains useful and the price gate is the only blocker.","Independent lineup, injury, and referee feeds were not preserved in the upstream artifact set.; The Odds API provenance is auditable but still not event-specific raw bookmaker capture strength.; Exact operator-comparable line was not preserved in the provider row.",HIGH,cs2_big_vs_mibr_2026_07_03t080000_0000; result; total_maps; line_sensitive_unpriced,MEDIUM,Analysis is evidence-led and price only gates EV/stake/final coupon.,"Human-entered Superbet market, exact line, decimal odds, timestamp, and correlation gate result."
10,TOP_UNPRICED_DEEP_ANALYTICAL_CANDIDATES,candidate,analysis_cs2_betboom_team_vs_team_nemesis_2026_07_03t130000_0000_total_maps_line_sensitive_unpriced,cs2,XSE Pro League,BetBoom Team vs Team Nemesis,total_maps,Total maps - operator line requires confirmation :: BetBoom Team,LINE_REQUIRES_OPERATOR_CHECK,UNPRICED_DEEP_ANALYTICAL,UNPRICED,MEDIUM,MEDIUM,"Retain `Total maps - operator line requires confirmation` as an analysis-first candidate for BetBoom Team vs Team Nemesis; the line is unresolved, but the event-level evidence remains useful and the price gate is the only blocker.","Independent lineup, injury, and referee feeds were not preserved in the upstream artifact set.; The Odds API provenance is auditable but still not event-specific raw bookmaker capture strength.; Exact operator-comparable line was not preserved in the provider row.",HIGH,cs2_betboom_team_vs_team_nemesis_2026_07_03t130000_0000; result; total_maps; line_sensitive_unpriced,MEDIUM,Analysis is evidence-led and price only gates EV/stake/final coupon.,"Human-entered Superbet market, exact line, decimal odds, timestamp, and correlation gate result."
11,TOP_UNPRICED_DEEP_ANALYTICAL_CANDIDATES,candidate,analysis_cs2_faze_vs_sinners_2026_07_03t130000_0000_total_maps_line_sensitive_unpriced,cs2,XSE Pro League,FaZe vs Sinners,total_maps,Total maps - operator line requires confirmation :: FaZe,LINE_REQUIRES_OPERATOR_CHECK,UNPRICED_DEEP_ANALYTICAL,UNPRICED,MEDIUM,MEDIUM,"Retain `Total maps - operator line requires confirmation` as an analysis-first candidate for FaZe vs Sinners; the line is unresolved, but the event-level evidence remains useful and the price gate is the only blocker.","Independent lineup, injury, and referee feeds were not preserved in the upstream artifact set.; The Odds API provenance is auditable but still not event-specific raw bookmaker capture strength.; Exact operator-comparable line was not preserved in the provider row.",HIGH,cs2_faze_vs_sinners_2026_07_03t130000_0000; result; total_maps; line_sensitive_unpriced,MEDIUM,Analysis is evidence-led and price only gates EV/stake/final coupon.,"Human-entered Superbet market, exact line, decimal odds, timestamp, and correlation gate result."
12,TOP_UNPRICED_DEEP_ANALYTICAL_CANDIDATES,candidate,analysis_cs2_parivision_vs_lynn_vision_2026_07_03t080000_0000_total_maps_line_sensitive_unpriced,cs2,XSE Pro League,PARIVISION vs Lynn Vision,total_maps,Total maps - operator line requires confirmation :: PARIVISION,LINE_REQUIRES_OPERATOR_CHECK,UNPRICED_DEEP_ANALYTICAL,UNPRICED,MEDIUM,MEDIUM,"Retain `Total maps - operator line requires confirmation` as an analysis-first candidate for PARIVISION vs Lynn Vision; the line is unresolved, but the event-level evidence remains useful and the price gate is the only blocker.","Independent lineup, injury, and referee feeds were not preserved in the upstream artifact set.; The Odds API provenance is auditable but still not event-specific raw bookmaker capture strength.; Exact operator-comparable line was not preserved in the provider row.",HIGH,cs2_parivision_vs_lynn_vision_2026_07_03t080000_0000; result; total_maps; line_sensitive_unpriced,MEDIUM,Analysis is evidence-led and price only gates EV/stake/final coupon.,"Human-entered Superbet market, exact line, decimal odds, timestamp, and correlation gate result."
13,TOP_UNPRICED_DEEP_ANALYTICAL_CANDIDATES,candidate,analysis_football_hafnarfjordur_vs_stjarnan_2026_07_03t191500_0000_corners_line_sensitive_unpriced,football,Iceland - Efsta deild,Hafnarfjordur vs Stjarnan,corners,Total corners - operator line requires confirmation :: Hafnarfjordur,LINE_REQUIRES_OPERATOR_CHECK,UNPRICED_DEEP_ANALYTICAL,UNPRICED,MEDIUM,MEDIUM,"Retain `Total corners - operator line requires confirmation` as an analysis-first candidate for Hafnarfjordur vs Stjarnan; the line is unresolved, but the event-level evidence remains useful and the price gate is the only blocker.","Independent lineup, injury, and referee feeds were not preserved in the upstream artifact set.; The Odds API provenance is auditable but still not event-specific raw bookmaker capture strength.; Exact operator-comparable line was not preserved in the provider row.",HIGH,football_hafnarfjordur_vs_stjarnan_2026_07_03t191500_0000; result; corners; line_sensitive_unpriced,MEDIUM,Analysis is evidence-led and price only gates EV/stake/final coupon.,"Human-entered Superbet market, exact line, decimal odds, timestamp, and correlation gate result."
14,TOP_UNPRICED_DEEP_ANALYTICAL_CANDIDATES,candidate,analysis_football_ir_reykjavik_vs_afturelding_2026_07_03t191500_0000_corners_line_sensitive_unpriced,football,Iceland - 1 deild,IR Reykjavik vs Afturelding,corners,Total corners - operator line requires confirmation :: hdp,LINE_REQUIRES_OPERATOR_CHECK,UNPRICED_DEEP_ANALYTICAL,UNPRICED,MEDIUM,MEDIUM,"Retain `Total corners - operator line requires confirmation` as an analysis-first candidate for IR Reykjavik vs Afturelding; the line is unresolved, but the event-level evidence remains useful and the price gate is the only blocker.","Independent lineup, injury, and referee feeds were not preserved in the upstream artifact set.; The Odds API provenance is auditable but still not event-specific raw bookmaker capture strength.; Exact operator-comparable line was not preserved in the provider row.",HIGH,football_ir_reykjavik_vs_afturelding_2026_07_03t191500_0000; result; corners; line_sensitive_unpriced,MEDIUM,Analysis is evidence-led and price only gates EV/stake/final coupon.,"Human-entered Superbet market, exact line, decimal odds, timestamp, and correlation gate result."
15,TOP_UNPRICED_DEEP_ANALYTICAL_CANDIDATES,candidate,analysis_football_wolves_vs_rochedale_2026_07_03t093000_0000_corners_line_sensitive_unpriced,football,Australia - Queensland NPL,Wolves vs Rochedale,corners,Total corners - operator line requires confirmation :: hdp,LINE_REQUIRES_OPERATOR_CHECK,UNPRICED_DEEP_ANALYTICAL,UNPRICED,MEDIUM,MEDIUM,"Retain `Total corners - operator line requires confirmation` as an analysis-first candidate for Wolves vs Rochedale; the line is unresolved, but the event-level evidence remains useful and the price gate is the only blocker.","Independent lineup, injury, and referee feeds were not preserved in the upstream artifact set.; The Odds API provenance is auditable but still not event-specific raw bookmaker capture strength.; Exact operator-comparable line was not preserved in the provider row.",HIGH,football_wolves_vs_rochedale_2026_07_03t093000_0000; result; corners; line_sensitive_unpriced,MEDIUM,Analysis is evidence-led and price only gates EV/stake/final coupon.,"Human-entered Superbet market, exact line, decimal odds, timestamp, and correlation gate result."
16,TOP_UNPRICED_DEEP_ANALYTICAL_CANDIDATES,candidate,analysis_valorant_g2_esports_vs_nongshim_redforce_2026_07_03t134500_0000_total_maps_line_sensitive_unpriced,valorant,Esports World Cup,G2 Esports vs Nongshim RedForce,total_maps,Total maps - operator line requires confirmation :: G2 Esports,LINE_REQUIRES_OPERATOR_CHECK,UNPRICED_DEEP_ANALYTICAL,UNPRICED,MEDIUM,MEDIUM,"Retain `Total maps - operator line requires confirmation` as an analysis-first candidate for G2 Esports vs Nongshim RedForce; the line is unresolved, but the event-level evidence remains useful and the price gate is the only blocker.","Independent lineup, injury, and referee feeds were not preserved in the upstream artifact set.; The Odds API provenance is auditable but still not event-specific raw bookmaker capture strength.; Exact operator-comparable line was not preserved in the provider row.",HIGH,valorant_g2_esports_vs_nongshim_redforce_2026_07_03t134500_0000; result; total_maps; line_sensitive_unpriced,MEDIUM,Analysis is evidence-led and price only gates EV/stake/final coupon.,"Human-entered Superbet market, exact line, decimal odds, timestamp, and correlation gate result."
17,TOP_UNPRICED_DEEP_ANALYTICAL_CANDIDATES,candidate,analysis_valorant_mibr_los_vs_global_esports_2026_07_03t110000_0000_total_maps_line_sensitive_unpriced,valorant,Esports World Cup,MIBR LOS vs Global Esports,total_maps,Total maps - operator line requires confirmation :: MIBR LOS,LINE_REQUIRES_OPERATOR_CHECK,UNPRICED_DEEP_ANALYTICAL,UNPRICED,MEDIUM,MEDIUM,"Retain `Total maps - operator line requires confirmation` as an analysis-first candidate for MIBR LOS vs Global Esports; the line is unresolved, but the event-level evidence remains useful and the price gate is the only blocker.","Independent lineup, injury, and referee feeds were not preserved in the upstream artifact set.; The Odds API provenance is auditable but still not event-specific raw bookmaker capture strength.; Exact operator-comparable line was not preserved in the provider row.",HIGH,valorant_mibr_los_vs_global_esports_2026_07_03t110000_0000; result; total_maps; line_sensitive_unpriced,MEDIUM,Analysis is evidence-led and price only gates EV/stake/final coupon.,"Human-entered Superbet market, exact line, decimal odds, timestamp, and correlation gate result."
18,TOP_UNPRICED_DEEP_ANALYTICAL_CANDIDATES,candidate,analysis_valorant_team_heretics_vs_ag_al_international_2026_07_03t110000_0000_total_maps_line_sensitive_unpriced,valorant,Esports World Cup,Team Heretics vs AG.AL International,total_maps,Total maps - operator line requires confirmation :: Team Heretics,LINE_REQUIRES_OPERATOR_CHECK,UNPRICED_DEEP_ANALYTICAL,UNPRICED,MEDIUM,MEDIUM,"Retain `Total maps - operator line requires confirmation` as an analysis-first candidate for Team Heretics vs AG.AL International; the line is unresolved, but the event-level evidence remains useful and the price gate is the only blocker.","Independent lineup, injury, and referee feeds were not preserved in the upstream artifact set.; The Odds API provenance is auditable but still not event-specific raw bookmaker capture strength.; Exact operator-comparable line was not preserved in the provider row.",HIGH,valorant_team_heretics_vs_ag_al_international_2026_07_03t110000_0000; result; total_maps; line_sensitive_unpriced,MEDIUM,Analysis is evidence-led and price only gates EV/stake/final coupon.,"Human-entered Superbet market, exact line, decimal odds, timestamp, and correlation gate result."
1,TOP_PARTIALLY_PRICED_ANALYTICAL_CANDIDATES,candidate,cand_073_basketball_austria_vs_poland_2026_07_03t160000_0000_spread,basketball,"International - FIBA World Cup, European Qualifiers, Group F",Austria vs Poland,spread,Spread - hdp 1 :: hdp,1,PARTIALLY_PRICED_ANALYTICAL,PARTIALLY_PRICED,MEDIUM,LOW,Use `Spread - hdp 1` as a manual Superbet search path for Austria vs Poland; promotion remains quote-review-only until the operator confirms the exact visible line and odds.,"Independent lineup, injury, and referee feeds were not preserved in the upstream artifact set.; The Odds API provenance is auditable but still not event-specific raw bookmaker capture strength.",HIGH,basketball_austria_vs_poland_2026_07_03t160000_0000; spread,NOT_NEEDED_NOW,Analysis is evidence-led and price only gates EV/stake/final coupon.,"Human-entered Superbet market, exact line, decimal odds, timestamp, and correlation gate result."
2,TOP_PARTIALLY_PRICED_ANALYTICAL_CANDIDATES,candidate,cand_077_basketball_belgium_vs_france_2026_07_03t183000_0000_spread,basketball,"International - FIBA World Cup, European Qualifiers, Group G",Belgium vs France,spread,Spread - hdp 1 :: hdp,1,PARTIALLY_PRICED_ANALYTICAL,PARTIALLY_PRICED,MEDIUM,LOW,Use `Spread - hdp 1` as a manual Superbet search path for Belgium vs France; promotion remains quote-review-only until the operator confirms the exact visible line and odds.,"Independent lineup, injury, and referee feeds were not preserved in the upstream artifact set.; The Odds API provenance is auditable but still not event-specific raw bookmaker capture strength.",HIGH,basketball_belgium_vs_france_2026_07_03t183000_0000; spread,NOT_NEEDED_NOW,Analysis is evidence-led and price only gates EV/stake/final coupon.,"Human-entered Superbet market, exact line, decimal odds, timestamp, and correlation gate result."
3,TOP_PARTIALLY_PRICED_ANALYTICAL_CANDIDATES,candidate,cand_081_basketball_canterbury_rams_vs_manawatu_jets_2026_07_03t073000_0000_spread,basketball,New Zealand - NBL,Canterbury Rams vs Manawatu Jets,spread,Spread - Canterbury Rams 1 :: Canterbury Rams,1,PARTIALLY_PRICED_ANALYTICAL,PARTIALLY_PRICED,MEDIUM,LOW,Use `Spread - Canterbury Rams 1` as a manual Superbet search path for Canterbury Rams vs Manawatu Jets; promotion remains quote-review-only until the operator confirms the exact visible line and odds.,"Independent lineup, injury, and referee feeds were not preserved in the upstream artifact set.; The Odds API provenance is auditable but still not event-specific raw bookmaker capture strength.",HIGH,basketball_canterbury_rams_vs_manawatu_jets_2026_07_03t073000_0000; spread,NOT_NEEDED_NOW,Analysis is evidence-led and price only gates EV/stake/final coupon.,"Human-entered Superbet market, exact line, decimal odds, timestamp, and correlation gate result."
4,TOP_PARTIALLY_PRICED_ANALYTICAL_CANDIDATES,candidate,cand_085_basketball_china_vs_japan_2026_07_03t113000_0000_spread,basketball,"International - FIBA World Cup, Asian & Oceanian Qualifiers, Gr. B",China vs Japan,spread,Spread - China 1 :: China,1,PARTIALLY_PRICED_ANALYTICAL,PARTIALLY_PRICED,MEDIUM,LOW,Use `Spread - China 1` as a manual Superbet search path for China vs Japan; promotion remains quote-review-only until the operator confirms the exact visible line and odds.,"Independent lineup, injury, and referee feeds were not preserved in the upstream artifact set.; The Odds API provenance is auditable but still not event-specific raw bookmaker capture strength.",HIGH,basketball_china_vs_japan_2026_07_03t113000_0000; spread,NOT_NEEDED_NOW,Analysis is evidence-led and price only gates EV/stake/final coupon.,"Human-entered Superbet market, exact line, decimal odds, timestamp, and correlation gate result."
5,TOP_PARTIALLY_PRICED_ANALYTICAL_CANDIDATES,candidate,cand_078_basketball_cyprus_vs_croatia_2026_07_03t170000_0000_spread,basketball,"International - FIBA World Cup, European Qualifiers, Group E",Cyprus vs Croatia,spread,Spread - hdp 1 :: hdp,1,PARTIALLY_PRICED_ANALYTICAL,PARTIALLY_PRICED,MEDIUM,LOW,Use `Spread - hdp 1` as a manual Superbet search path for Cyprus vs Croatia; promotion remains quote-review-only until the operator confirms the exact visible line and odds.,"Independent lineup, injury, and referee feeds were not preserved in the upstream artifact set.; The Odds API provenance is auditable but still not event-specific raw bookmaker capture strength.",HIGH,basketball_cyprus_vs_croatia_2026_07_03t170000_0000; spread,NOT_NEEDED_NOW,Analysis is evidence-led and price only gates EV/stake/final coupon.,"Human-entered Superbet market, exact line, decimal odds, timestamp, and correlation gate result."
6,TOP_PARTIALLY_PRICED_ANALYTICAL_CANDIDATES,candidate,cand_079_basketball_cyprus_vs_croatia_2026_07_03t170000_0000_totals,basketball,"International - FIBA World Cup, European Qualifiers, Group E",Cyprus vs Croatia,totals,Total points - hdp 1 :: hdp,1,PARTIALLY_PRICED_ANALYTICAL,PARTIALLY_PRICED,MEDIUM,LOW,Use `Total points - hdp 1` as a manual Superbet search path for Cyprus vs Croatia; promotion remains quote-review-only until the operator confirms the exact visible line and odds.,"Independent lineup, injury, and referee feeds were not preserved in the upstream artifact set.; The Odds API provenance is auditable but still not event-specific raw bookmaker capture strength.",HIGH,basketball_cyprus_vs_croatia_2026_07_03t170000_0000; totals,NOT_NEEDED_NOW,Analysis is evidence-led and price only gates EV/stake/final coupon.,"Human-entered Superbet market, exact line, decimal odds, timestamp, and correlation gate result."
7,TOP_PARTIALLY_PRICED_ANALYTICAL_CANDIDATES,candidate,cand_087_basketball_finland_vs_hungary_2026_07_03t153000_0000_spread,basketball,"International - FIBA World Cup, European Qualifiers, Group G",Finland vs Hungary,spread,Spread - Finland 1 :: Finland,1,PARTIALLY_PRICED_ANALYTICAL,PARTIALLY_PRICED,MEDIUM,LOW,Use `Spread - Finland 1` as a manual Superbet search path for Finland vs Hungary; promotion remains quote-review-only until the operator confirms the exact visible line and odds.,"Independent lineup, injury, and referee feeds were not preserved in the upstream artifact set.; The Odds API provenance is auditable but still not event-specific raw bookmaker capture strength.",HIGH,basketball_finland_vs_hungary_2026_07_03t153000_0000; spread,NOT_NEEDED_NOW,Analysis is evidence-led and price only gates EV/stake/final coupon.,"Human-entered Superbet market, exact line, decimal odds, timestamp, and correlation gate result."
8,TOP_PARTIALLY_PRICED_ANALYTICAL_CANDIDATES,candidate,cand_071_basketball_israel_vs_germany_2026_07_03t170000_0000_spread,basketball,"International - FIBA World Cup, European Qualifiers, Group E",Israel vs Germany,spread,Spread - hdp 1 :: hdp,1,PARTIALLY_PRICED_ANALYTICAL,PARTIALLY_PRICED,MEDIUM,LOW,Use `Spread - hdp 1` as a manual Superbet search path for Israel vs Germany; promotion remains quote-review-only until the operator confirms the exact visible line and odds.,"Independent lineup, injury, and referee feeds were not preserved in the upstream artifact set.; The Odds API provenance is auditable but still not event-specific raw bookmaker capture strength.",HIGH,basketball_israel_vs_germany_2026_07_03t170000_0000; spread,NOT_NEEDED_NOW,Analysis is evidence-led and price only gates EV/stake/final coupon.,"Human-entered Superbet market, exact line, decimal odds, timestamp, and correlation gate result."
9,TOP_PARTIALLY_PRICED_ANALYTICAL_CANDIDATES,candidate,cand_083_basketball_korea_republic_vs_chinese_taipei_2026_07_03t103000_0000_spread,basketball,"International - FIBA World Cup, Asian & Oceanian Qualifiers, Gr. B",Korea Republic vs Chinese Taipei,spread,Spread - Korea Republic 1 :: Korea Republic,1,PARTIALLY_PRICED_ANALYTICAL,PARTIALLY_PRICED,MEDIUM,LOW,Use `Spread - Korea Republic 1` as a manual Superbet search path for Korea Republic vs Chinese Taipei; promotion remains quote-review-only until the operator confirms the exact visible line and odds.,"Independent lineup, injury, and referee feeds were not preserved in the upstream artifact set.; The Odds API provenance is auditable but still not event-specific raw bookmaker capture strength.",HIGH,basketball_korea_republic_vs_chinese_taipei_2026_07_03t103000_0000; spread,NOT_NEEDED_NOW,Analysis is evidence-led and price only gates EV/stake/final coupon.,"Human-entered Superbet market, exact line, decimal odds, timestamp, and correlation gate result."
10,TOP_PARTIALLY_PRICED_ANALYTICAL_CANDIDATES,candidate,cand_075_basketball_netherlands_vs_latvia_2026_07_03t173000_0000_spread,basketball,"International - FIBA World Cup, European Qualifiers, Group F",Netherlands vs Latvia,spread,Spread - hdp 1 :: hdp,1,PARTIALLY_PRICED_ANALYTICAL,PARTIALLY_PRICED,MEDIUM,LOW,Use `Spread - hdp 1` as a manual Superbet search path for Netherlands vs Latvia; promotion remains quote-review-only until the operator confirms the exact visible line and odds.,"Independent lineup, injury, and referee feeds were not preserved in the upstream artifact set.; The Odds API provenance is auditable but still not event-specific raw bookmaker capture strength.",HIGH,basketball_netherlands_vs_latvia_2026_07_03t173000_0000; spread,NOT_NEEDED_NOW,Analysis is evidence-led and price only gates EV/stake/final coupon.,"Human-entered Superbet market, exact line, decimal odds, timestamp, and correlation gate result."
11,TOP_PARTIALLY_PRICED_ANALYTICAL_CANDIDATES,candidate,cand_104_cs2_big_vs_mibr_2026_07_03t080000_0000_map_handicap,cs2,XSE Pro League,BIG vs MIBR,map_handicap,Map handicap - hdp 1 :: hdp,1,PARTIALLY_PRICED_ANALYTICAL,PARTIALLY_PRICED,MEDIUM,LOW,Use `Map handicap - hdp 1` as a manual Superbet search path for BIG vs MIBR; promotion remains quote-review-only until the operator confirms the exact visible line and odds.,"Independent lineup, injury, and referee feeds were not preserved in the upstream artifact set.; The Odds API provenance is auditable but still not event-specific raw bookmaker capture strength.",HIGH,cs2_big_vs_mibr_2026_07_03t080000_0000; map_handicap,NOT_NEEDED_NOW,Analysis is evidence-led and price only gates EV/stake/final coupon.,"Human-entered Superbet market, exact line, decimal odds, timestamp, and correlation gate result."
12,TOP_PARTIALLY_PRICED_ANALYTICAL_CANDIDATES,candidate,cand_089_cs2_betboom_team_vs_team_nemesis_2026_07_03t130000_0000_map_handicap,cs2,XSE Pro League,BetBoom Team vs Team Nemesis,map_handicap,Map handicap - hdp 2 :: hdp,2,PARTIALLY_PRICED_ANALYTICAL,PARTIALLY_PRICED,MEDIUM,LOW,Use `Map handicap - hdp 2` as a manual Superbet search path for BetBoom Team vs Team Nemesis; promotion remains quote-review-only until the operator confirms the exact visible line and odds.,"Independent lineup, injury, and referee feeds were not preserved in the upstream artifact set.; The Odds API provenance is auditable but still not event-specific raw bookmaker capture strength.",HIGH,cs2_betboom_team_vs_team_nemesis_2026_07_03t130000_0000; map_handicap,NOT_NEEDED_NOW,Analysis is evidence-led and price only gates EV/stake/final coupon.,"Human-entered Superbet market, exact line, decimal odds, timestamp, and correlation gate result."
13,TOP_PARTIALLY_PRICED_ANALYTICAL_CANDIDATES,candidate,cand_091_cs2_faze_vs_sinners_2026_07_03t130000_0000_map_handicap,cs2,XSE Pro League,FaZe vs Sinners,map_handicap,Map handicap - FaZe 1 :: FaZe,1,PARTIALLY_PRICED_ANALYTICAL,PARTIALLY_PRICED,MEDIUM,LOW,Use `Map handicap - FaZe 1` as a manual Superbet search path for FaZe vs Sinners; promotion remains quote-review-only until the operator confirms the exact visible line and odds.,"Independent lineup, injury, and referee feeds were not preserved in the upstream artifact set.; The Odds API provenance is auditable but still not event-specific raw bookmaker capture strength.",HIGH,cs2_faze_vs_sinners_2026_07_03t130000_0000; map_handicap,NOT_NEEDED_NOW,Analysis is evidence-led and price only gates EV/stake/final coupon.,"Human-entered Superbet market, exact line, decimal odds, timestamp, and correlation gate result."
14,TOP_PARTIALLY_PRICED_ANALYTICAL_CANDIDATES,candidate,cand_102_cs2_parivision_vs_lynn_vision_2026_07_03t080000_0000_map_handicap,cs2,XSE Pro League,PARIVISION vs Lynn Vision,map_handicap,Map handicap - PARIVISION 1 :: PARIVISION,1,PARTIALLY_PRICED_ANALYTICAL,PARTIALLY_PRICED,MEDIUM,LOW,Use `Map handicap - PARIVISION 1` as a manual Superbet search path for PARIVISION vs Lynn Vision; promotion remains quote-review-only until the operator confirms the exact visible line and odds.,"Independent lineup, injury, and referee feeds were not preserved in the upstream artifact set.; The Odds API provenance is auditable but still not event-specific raw bookmaker capture strength.",HIGH,cs2_parivision_vs_lynn_vision_2026_07_03t080000_0000; map_handicap,NOT_NEEDED_NOW,Analysis is evidence-led and price only gates EV/stake/final coupon.,"Human-entered Superbet market, exact line, decimal odds, timestamp, and correlation gate result."
15,TOP_PARTIALLY_PRICED_ANALYTICAL_CANDIDATES,candidate,cand_004_football_argentina_vs_cape_verde_2026_07_03t220000_0000_corners,football,International - FIFA World Cup,Argentina vs Cape Verde,corners,Total corners - hdp 2 :: hdp,2,PARTIALLY_PRICED_ANALYTICAL,PARTIALLY_PRICED,MEDIUM,LOW,Use `Total corners - hdp 2` as a manual Superbet search path for Argentina vs Cape Verde; promotion remains quote-review-only until the operator confirms the exact visible line and odds.,"Independent lineup, injury, and referee feeds were not preserved in the upstream artifact set.; The Odds API provenance is auditable but still not event-specific raw bookmaker capture strength.",HIGH,football_argentina_vs_cape_verde_2026_07_03t220000_0000; corners,NOT_NEEDED_NOW,Analysis is evidence-led and price only gates EV/stake/final coupon.,"Human-entered Superbet market, exact line, decimal odds, timestamp, and correlation gate result."
16,TOP_PARTIALLY_PRICED_ANALYTICAL_CANDIDATES,candidate,cand_002_football_australia_vs_egypt_2026_07_03t180000_0000_corners,football,International - FIFA World Cup,Australia vs Egypt,corners,Total corners - hdp 2 :: hdp,2,PARTIALLY_PRICED_ANALYTICAL,PARTIALLY_PRICED,MEDIUM,LOW,Use `Total corners - hdp 2` as a manual Superbet search path for Australia vs Egypt; promotion remains quote-review-only until the operator confirms the exact visible line and odds.,"Independent lineup, injury, and referee feeds were not preserved in the upstream artifact set.; The Odds API provenance is auditable but still not event-specific raw bookmaker capture strength.",HIGH,football_australia_vs_egypt_2026_07_03t180000_0000; corners,NOT_NEEDED_NOW,Analysis is evidence-led and price only gates EV/stake/final coupon.,"Human-entered Superbet market, exact line, decimal odds, timestamp, and correlation gate result."
17,TOP_PARTIALLY_PRICED_ANALYTICAL_CANDIDATES,candidate,cand_034_football_bray_wanderers_vs_athlone_town_2026_07_03t184500_0000_corners,football,Ireland - First Division,Bray Wanderers vs Athlone Town,corners,Total corners - hdp 2 :: hdp,2,PARTIALLY_PRICED_ANALYTICAL,PARTIALLY_PRICED,MEDIUM,LOW,Use `Total corners - hdp 2` as a manual Superbet search path for Bray Wanderers vs Athlone Town; promotion remains quote-review-only until the operator confirms the exact visible line and odds.,"Independent lineup, injury, and referee feeds were not preserved in the upstream artifact set.; The Odds API provenance is auditable but still not event-specific raw bookmaker capture strength.",HIGH,football_bray_wanderers_vs_athlone_town_2026_07_03t184500_0000; corners,NOT_NEEDED_NOW,Analysis is evidence-led and price only gates EV/stake/final coupon.,"Human-entered Superbet market, exact line, decimal odds, timestamp, and correlation gate result."
18,TOP_PARTIALLY_PRICED_ANALYTICAL_CANDIDATES,candidate,cand_024_football_comets_vs_croydon_2026_07_03t110000_0000_corners,football,Australia - South Australia NPL,Comets vs Croydon,corners,Total corners - hdp 2 :: hdp,2,PARTIALLY_PRICED_ANALYTICAL,PARTIALLY_PRICED,MEDIUM,LOW,Use `Total corners - hdp 2` as a manual Superbet search path for Comets vs Croydon; promotion remains quote-review-only until the operator confirms the exact visible line and odds.,"Independent lineup, injury, and referee feeds were not preserved in the upstream artifact set.; The Odds API provenance is auditable but still not event-specific raw bookmaker capture strength.",HIGH,football_comets_vs_croydon_2026_07_03t110000_0000; corners,NOT_NEEDED_NOW,Analysis is evidence-led and price only gates EV/stake/final coupon.,"Human-entered Superbet market, exact line, decimal odds, timestamp, and correlation gate result."
19,TOP_PARTIALLY_PRICED_ANALYTICAL_CANDIDATES,candidate,cand_018_football_derry_city_vs_waterford_2026_07_03t184500_0000_corners,football,Ireland - Premier Division,Derry City vs Waterford,corners,Total corners - hdp 2 :: hdp,2,PARTIALLY_PRICED_ANALYTICAL,PARTIALLY_PRICED,MEDIUM,LOW,Use `Total corners - hdp 2` as a manual Superbet search path for Derry City vs Waterford; promotion remains quote-review-only until the operator confirms the exact visible line and odds.,"Independent lineup, injury, and referee feeds were not preserved in the upstream artifact set.; The Odds API provenance is auditable but still not event-specific raw bookmaker capture strength.",HIGH,football_derry_city_vs_waterford_2026_07_03t184500_0000; corners,NOT_NEEDED_NOW,Analysis is evidence-led and price only gates EV/stake/final coupon.,"Human-entered Superbet market, exact line, decimal odds, timestamp, and correlation gate result."
20,TOP_PARTIALLY_PRICED_ANALYTICAL_CANDIDATES,candidate,cand_010_football_drogheda_united_vs_bohemians_d_2026_07_03t184500_0000_corners,football,Ireland - Premier Division,Drogheda United vs Bohemians D.,corners,Total corners - hdp 2 :: hdp,2,PARTIALLY_PRICED_ANALYTICAL,PARTIALLY_PRICED,MEDIUM,LOW,Use `Total corners - hdp 2` as a manual Superbet search path for Drogheda United vs Bohemians D.; promotion remains quote-review-only until the operator confirms the exact visible line and odds.,"Independent lineup, injury, and referee feeds were not preserved in the upstream artifact set.; The Odds API provenance is auditable but still not event-specific raw bookmaker capture strength.",HIGH,football_drogheda_united_vs_bohemians_d_2026_07_03t184500_0000; corners,NOT_NEEDED_NOW,Analysis is evidence-led and price only gates EV/stake/final coupon.,"Human-entered Superbet market, exact line, decimal odds, timestamp, and correlation gate result."
21,TOP_PARTIALLY_PRICED_ANALYTICAL_CANDIDATES,candidate,cand_026_football_green_gully_vs_bentleigh_2026_07_03t093000_0000_corners,football,Australia - Victoria NPL,Green Gully vs Bentleigh,corners,Total corners - hdp 2 :: hdp,2,PARTIALLY_PRICED_ANALYTICAL,PARTIALLY_PRICED,MEDIUM,LOW,Use `Total corners - hdp 2` as a manual Superbet search path for Green Gully vs Bentleigh; promotion remains quote-review-only until the operator confirms the exact visible line and odds.,"Independent lineup, injury, and referee feeds were not preserved in the upstream artifact set.; The Odds API provenance is auditable but still not event-specific raw bookmaker capture strength.",HIGH,football_green_gully_vs_bentleigh_2026_07_03t093000_0000; corners,NOT_NEEDED_NOW,Analysis is evidence-led and price only gates EV/stake/final coupon.,"Human-entered Superbet market, exact line, decimal odds, timestamp, and correlation gate result."
22,TOP_PARTIALLY_PRICED_ANALYTICAL_CANDIDATES,candidate,cand_020_football_hafnarfjordur_vs_stjarnan_2026_07_03t191500_0000_goals_totals,football,Iceland - Efsta deild,Hafnarfjordur vs Stjarnan,goals_totals,Total goals - hdp 1 :: hdp,1,PARTIALLY_PRICED_ANALYTICAL,PARTIALLY_PRICED,MEDIUM,LOW,Use `Total goals - hdp 1` as a manual Superbet search path for Hafnarfjordur vs Stjarnan; promotion remains quote-review-only until the operator confirms the exact visible line and odds.,"Independent lineup, injury, and referee feeds were not preserved in the upstream artifact set.; The Odds API provenance is auditable but still not event-specific raw bookmaker capture strength.",HIGH,football_hafnarfjordur_vs_stjarnan_2026_07_03t191500_0000; goals_totals,NOT_NEEDED_NOW,Analysis is evidence-led and price only gates EV/stake/final coupon.,"Human-entered Superbet market, exact line, decimal odds, timestamp, and correlation gate result."
23,TOP_PARTIALLY_PRICED_ANALYTICAL_CANDIDATES,candidate,cand_030_football_heidelberg_united_vs_st_albans_saints_dinamo_2026_07_03t093000_0000_corners,football,Australia - Victoria NPL,Heidelberg United vs ST Albans Saints Dinamo,corners,Total corners - hdp 2 :: hdp,2,PARTIALLY_PRICED_ANALYTICAL,PARTIALLY_PRICED,MEDIUM,LOW,Use `Total corners - hdp 2` as a manual Superbet search path for Heidelberg United vs ST Albans Saints Dinamo; promotion remains quote-review-only until the operator confirms the exact visible line and odds.,"Independent lineup, injury, and referee feeds were not preserved in the upstream artifact set.; The Odds API provenance is auditable but still not event-specific raw bookmaker capture strength.",HIGH,football_heidelberg_united_vs_st_albans_saints_dinamo_2026_07_03t093000_0000; corners,NOT_NEEDED_NOW,Analysis is evidence-led and price only gates EV/stake/final coupon.,"Human-entered Superbet market, exact line, decimal odds, timestamp, and correlation gate result."
24,TOP_PARTIALLY_PRICED_ANALYTICAL_CANDIDATES,candidate,cand_032_football_ir_reykjavik_vs_afturelding_2026_07_03t191500_0000_goals_totals,football,Iceland - 1 deild,IR Reykjavik vs Afturelding,goals_totals,Total goals - hdp 1 :: hdp,1,PARTIALLY_PRICED_ANALYTICAL,PARTIALLY_PRICED,MEDIUM,LOW,Use `Total goals - hdp 1` as a manual Superbet search path for IR Reykjavik vs Afturelding; promotion remains quote-review-only until the operator confirms the exact visible line and odds.,"Independent lineup, injury, and referee feeds were not preserved in the upstream artifact set.; The Odds API provenance is auditable but still not event-specific raw bookmaker capture strength.",HIGH,football_ir_reykjavik_vs_afturelding_2026_07_03t191500_0000; goals_totals,NOT_NEEDED_NOW,Analysis is evidence-led and price only gates EV/stake/final coupon.,"Human-entered Superbet market, exact line, decimal odds, timestamp, and correlation gate result."
25,TOP_PARTIALLY_PRICED_ANALYTICAL_CANDIDATES,candidate,cand_038_football_japs_vs_akatemia_2026_07_03t153000_0000_corners,football,Finland - Ykkosliiga,JaPS vs Akatemia,corners,Total corners - hdp 2 :: hdp,2,PARTIALLY_PRICED_ANALYTICAL,PARTIALLY_PRICED,MEDIUM,LOW,Use `Total corners - hdp 2` as a manual Superbet search path for JaPS vs Akatemia; promotion remains quote-review-only until the operator confirms the exact visible line and odds.,"Independent lineup, injury, and referee feeds were not preserved in the upstream artifact set.; The Odds API provenance is auditable but still not event-specific raw bookmaker capture strength.",HIGH,football_japs_vs_akatemia_2026_07_03t153000_0000; corners,NOT_NEEDED_NOW,Analysis is evidence-led and price only gates EV/stake/final coupon.,"Human-entered Superbet market, exact line, decimal odds, timestamp, and correlation gate result."
26,TOP_PARTIALLY_PRICED_ANALYTICAL_CANDIDATES,candidate,cand_036_football_loudoun_united_fc_vs_sporting_jax_2026_07_03t233000_0000_corners,football,"USA - USL, Championship",Loudoun United FC vs Sporting Jax,corners,Total corners - hdp 2 :: hdp,2,PARTIALLY_PRICED_ANALYTICAL,PARTIALLY_PRICED,MEDIUM,LOW,Use `Total corners - hdp 2` as a manual Superbet search path for Loudoun United FC vs Sporting Jax; promotion remains quote-review-only until the operator confirms the exact visible line and odds.,"Independent lineup, injury, and referee feeds were not preserved in the upstream artifact set.; The Odds API provenance is auditable but still not event-specific raw bookmaker capture strength.",HIGH,football_loudoun_united_fc_vs_sporting_jax_2026_07_03t233000_0000; corners,NOT_NEEDED_NOW,Analysis is evidence-led and price only gates EV/stake/final coupon.,"Human-entered Superbet market, exact line, decimal odds, timestamp, and correlation gate result."
27,TOP_PARTIALLY_PRICED_ANALYTICAL_CANDIDATES,candidate,cand_028_football_nomme_united_vs_nomme_united_2026_07_03t160000_0000_corners,football,Estonia - Premium Liiga,Nomme United vs Nomme United,corners,Total corners - hdp 2 :: hdp,2,PARTIALLY_PRICED_ANALYTICAL,PARTIALLY_PRICED,MEDIUM,LOW,Use `Total corners - hdp 2` as a manual Superbet search path for Nomme United vs Nomme United; promotion remains quote-review-only until the operator confirms the exact visible line and odds.,"Independent lineup, injury, and referee feeds were not preserved in the upstream artifact set.; The Odds API provenance is auditable but still not event-specific raw bookmaker capture strength.",HIGH,football_nomme_united_vs_nomme_united_2026_07_03t160000_0000; corners,NOT_NEEDED_NOW,Analysis is evidence-led and price only gates EV/stake/final coupon.,"Human-entered Superbet market, exact line, decimal odds, timestamp, and correlation gate result."
28,TOP_PARTIALLY_PRICED_ANALYTICAL_CANDIDATES,candidate,cand_016_football_shelbourne_vs_dundalk_2026_07_03t190000_0000_corners,football,Ireland - Premier Division,Shelbourne vs Dundalk,corners,Total corners - hdp 2 :: hdp,2,PARTIALLY_PRICED_ANALYTICAL,PARTIALLY_PRICED,MEDIUM,LOW,Use `Total corners - hdp 2` as a manual Superbet search path for Shelbourne vs Dundalk; promotion remains quote-review-only until the operator confirms the exact visible line and odds.,"Independent lineup, injury, and referee feeds were not preserved in the upstream artifact set.; The Odds API provenance is auditable but still not event-specific raw bookmaker capture strength.",HIGH,football_shelbourne_vs_dundalk_2026_07_03t190000_0000; corners,NOT_NEEDED_NOW,Analysis is evidence-led and price only gates EV/stake/final coupon.,"Human-entered Superbet market, exact line, decimal odds, timestamp, and correlation gate result."
29,TOP_PARTIALLY_PRICED_ANALYTICAL_CANDIDATES,candidate,cand_012_football_sirius_vs_mjallby_2026_07_03t170000_0000_corners,football,Sweden - Allsvenskan,Sirius vs Mjallby,corners,Total corners - hdp 2 :: hdp,2,PARTIALLY_PRICED_ANALYTICAL,PARTIALLY_PRICED,MEDIUM,LOW,Use `Total corners - hdp 2` as a manual Superbet search path for Sirius vs Mjallby; promotion remains quote-review-only until the operator confirms the exact visible line and odds.,"Independent lineup, injury, and referee feeds were not preserved in the upstream artifact set.; The Odds API provenance is auditable but still not event-specific raw bookmaker capture strength.",HIGH,football_sirius_vs_mjallby_2026_07_03t170000_0000; corners,NOT_NEEDED_NOW,Analysis is evidence-led and price only gates EV/stake/final coupon.,"Human-entered Superbet market, exact line, decimal odds, timestamp, and correlation gate result."
30,TOP_PARTIALLY_PRICED_ANALYTICAL_CANDIDATES,candidate,cand_006_football_sligo_rovers_vs_shamrock_2026_07_03t184500_0000_corners,football,Ireland - Premier Division,Sligo Rovers vs Shamrock,corners,Total corners - hdp 2 :: hdp,2,PARTIALLY_PRICED_ANALYTICAL,PARTIALLY_PRICED,MEDIUM,LOW,Use `Total corners - hdp 2` as a manual Superbet search path for Sligo Rovers vs Shamrock; promotion remains quote-review-only until the operator confirms the exact visible line and odds.,"Independent lineup, injury, and referee feeds were not preserved in the upstream artifact set.; The Odds API provenance is auditable but still not event-specific raw bookmaker capture strength.",HIGH,football_sligo_rovers_vs_shamrock_2026_07_03t184500_0000; corners,NOT_NEEDED_NOW,Analysis is evidence-led and price only gates EV/stake/final coupon.,"Human-entered Superbet market, exact line, decimal odds, timestamp, and correlation gate result."
31,TOP_PARTIALLY_PRICED_ANALYTICAL_CANDIDATES,candidate,cand_014_football_st_patrick_s_vs_galway_utd_2026_07_03t184500_0000_corners,football,Ireland - Premier Division,St. Patrick´s vs Galway Utd,corners,Total corners - hdp 2 :: hdp,2,PARTIALLY_PRICED_ANALYTICAL,PARTIALLY_PRICED,MEDIUM,LOW,Use `Total corners - hdp 2` as a manual Superbet search path for St. Patrick´s vs Galway Utd; promotion remains quote-review-only until the operator confirms the exact visible line and odds.,"Independent lineup, injury, and referee feeds were not preserved in the upstream artifact set.; The Odds API provenance is auditable but still not event-specific raw bookmaker capture strength.",HIGH,football_st_patrick_s_vs_galway_utd_2026_07_03t184500_0000; corners,NOT_NEEDED_NOW,Analysis is evidence-led and price only gates EV/stake/final coupon.,"Human-entered Superbet market, exact line, decimal odds, timestamp, and correlation gate result."
32,TOP_PARTIALLY_PRICED_ANALYTICAL_CANDIDATES,candidate,cand_022_football_wolves_vs_rochedale_2026_07_03t093000_0000_goals_totals,football,Australia - Queensland NPL,Wolves vs Rochedale,goals_totals,Total goals - hdp 1 :: hdp,1,PARTIALLY_PRICED_ANALYTICAL,PARTIALLY_PRICED,MEDIUM,LOW,Use `Total goals - hdp 1` as a manual Superbet search path for Wolves vs Rochedale; promotion remains quote-review-only until the operator confirms the exact visible line and odds.,"Independent lineup, injury, and referee feeds were not preserved in the upstream artifact set.; The Odds API provenance is auditable but still not event-specific raw bookmaker capture strength.",HIGH,football_wolves_vs_rochedale_2026_07_03t093000_0000; goals_totals,NOT_NEEDED_NOW,Analysis is evidence-led and price only gates EV/stake/final coupon.,"Human-entered Superbet market, exact line, decimal odds, timestamp, and correlation gate result."
33,TOP_PARTIALLY_PRICED_ANALYTICAL_CANDIDATES,candidate,cand_008_football_yunnan_yukun_vs_henan_2026_07_03t120000_0000_corners,football,China - Chinese Super League,Yunnan Yukun vs Henan,corners,Total corners - hdp 2 :: hdp,2,PARTIALLY_PRICED_ANALYTICAL,PARTIALLY_PRICED,MEDIUM,LOW,Use `Total corners - hdp 2` as a manual Superbet search path for Yunnan Yukun vs Henan; promotion remains quote-review-only until the operator confirms the exact visible line and odds.,"Independent lineup, injury, and referee feeds were not preserved in the upstream artifact set.; The Odds API provenance is auditable but still not event-specific raw bookmaker capture strength.",HIGH,football_yunnan_yukun_vs_henan_2026_07_03t120000_0000; corners,NOT_NEEDED_NOW,Analysis is evidence-led and price only gates EV/stake/final coupon.,"Human-entered Superbet market, exact line, decimal odds, timestamp, and correlation gate result."
34,TOP_PARTIALLY_PRICED_ANALYTICAL_CANDIDATES,candidate,cand_042_tennis_alexandrova_ekaterina_vs_jovic_iva_2026_07_03t113000_0000_total_games,tennis,"WTA - Wimbledon, London, Great Britain, Qualifying","Alexandrova, Ekaterina vs Jovic, Iva",total_games,Total games - hdp 1 :: hdp,1,PARTIALLY_PRICED_ANALYTICAL,PARTIALLY_PRICED,MEDIUM,LOW,"Use `Total games - hdp 1` as a manual Superbet search path for Alexandrova, Ekaterina vs Jovic, Iva; promotion remains quote-review-only until the operator confirms the exact visible line and odds.","Independent lineup, injury, and referee feeds were not preserved in the upstream artifact set.; The Odds API provenance is auditable but still not event-specific raw bookmaker capture strength.",HIGH,tennis_alexandrova_ekaterina_vs_jovic_iva_2026_07_03t113000_0000; total_games,NOT_NEEDED_NOW,Analysis is evidence-led and price only gates EV/stake/final coupon.,"Human-entered Superbet market, exact line, decimal odds, timestamp, and correlation gate result."
35,TOP_PARTIALLY_PRICED_ANALYTICAL_CANDIDATES,candidate,cand_046_tennis_bartunkova_nikola_vs_krejcikova_barbora_2026_07_03t131000_0000_total_games,tennis,"WTA - Wimbledon, London, Great Britain, Qualifying","Bartunkova, Nikola vs Krejcikova, Barbora",total_games,Total games - hdp 1 :: hdp,1,PARTIALLY_PRICED_ANALYTICAL,PARTIALLY_PRICED,MEDIUM,LOW,"Use `Total games - hdp 1` as a manual Superbet search path for Bartunkova, Nikola vs Krejcikova, Barbora; promotion remains quote-review-only until the operator confirms the exact visible line and odds.","Independent lineup, injury, and referee feeds were not preserved in the upstream artifact set.; The Odds API provenance is auditable but still not event-specific raw bookmaker capture strength.",HIGH,tennis_bartunkova_nikola_vs_krejcikova_barbora_2026_07_03t131000_0000; total_games,NOT_NEEDED_NOW,Analysis is evidence-led and price only gates EV/stake/final coupon.,"Human-entered Superbet market, exact line, decimal odds, timestamp, and correlation gate result."
36,TOP_PARTIALLY_PRICED_ANALYTICAL_CANDIDATES,candidate,cand_066_tennis_bencic_belinda_vs_kalinskaya_anna_2026_07_03t100000_0000_total_games,tennis,"WTA - Wimbledon, London, Great Britain, Qualifying","Bencic, Belinda vs Kalinskaya, Anna",total_games,Total games - hdp 1 :: hdp,1,PARTIALLY_PRICED_ANALYTICAL,PARTIALLY_PRICED,MEDIUM,LOW,"Use `Total games - hdp 1` as a manual Superbet search path for Bencic, Belinda vs Kalinskaya, Anna; promotion remains quote-review-only until the operator confirms the exact visible line and odds.","Independent lineup, injury, and referee feeds were not preserved in the upstream artifact set.; The Odds API provenance is auditable but still not event-specific raw bookmaker capture strength.",HIGH,tennis_bencic_belinda_vs_kalinskaya_anna_2026_07_03t100000_0000; total_games,NOT_NEEDED_NOW,Analysis is evidence-led and price only gates EV/stake/final coupon.,"Human-entered Superbet market, exact line, decimal odds, timestamp, and correlation gate result."
37,TOP_PARTIALLY_PRICED_ANALYTICAL_CANDIDATES,candidate,cand_052_tennis_davidovich_fokina_alejandro_vs_fucsovics_marton_2026_07_03t124000_0000_total_games,tennis,"ATP - Wimbledon, London, GB, Qualifying, 1st - 2nd Round","Davidovich Fokina, Alejandro vs Fucsovics, Marton",total_games,Total games - hdp 1 :: hdp,1,PARTIALLY_PRICED_ANALYTICAL,PARTIALLY_PRICED,MEDIUM,LOW,"Use `Total games - hdp 1` as a manual Superbet search path for Davidovich Fokina, Alejandro vs Fucsovics, Marton; promotion remains quote-review-only until the operator confirms the exact visible line and odds.","Independent lineup, injury, and referee feeds were not preserved in the upstream artifact set.; The Odds API provenance is auditable but still not event-specific raw bookmaker capture strength.",HIGH,tennis_davidovich_fokina_alejandro_vs_fucsovics_marton_2026_07_03t124000_0000; total_games,NOT_NEEDED_NOW,Analysis is evidence-led and price only gates EV/stake/final coupon.,"Human-entered Superbet market, exact line, decimal odds, timestamp, and correlation gate result."
38,TOP_PARTIALLY_PRICED_ANALYTICAL_CANDIDATES,candidate,cand_068_tennis_hurkacz_hubert_vs_paul_tommy_2026_07_03t125000_0000_total_games,tennis,"ATP - Wimbledon, London, GB, Qualifying, 1st - 2nd Round","Hurkacz, Hubert vs Paul, Tommy",total_games,Total games - hdp 1 :: hdp,1,PARTIALLY_PRICED_ANALYTICAL,PARTIALLY_PRICED,MEDIUM,LOW,"Use `Total games - hdp 1` as a manual Superbet search path for Hurkacz, Hubert vs Paul, Tommy; promotion remains quote-review-only until the operator confirms the exact visible line and odds.","Independent lineup, injury, and referee feeds were not preserved in the upstream artifact set.; The Odds API provenance is auditable but still not event-specific raw bookmaker capture strength.",HIGH,tennis_hurkacz_hubert_vs_paul_tommy_2026_07_03t125000_0000; total_games,NOT_NEEDED_NOW,Analysis is evidence-led and price only gates EV/stake/final coupon.,"Human-entered Superbet market, exact line, decimal odds, timestamp, and correlation gate result."
39,TOP_PARTIALLY_PRICED_ANALYTICAL_CANDIDATES,candidate,cand_050_tennis_jodar_rafael_vs_mochizuki_shintaro_2026_07_03t113000_0000_total_games,tennis,"ATP - Wimbledon, London, GB, Qualifying, 1st - 2nd Round","Jodar, Rafael vs Mochizuki, Shintaro",total_games,Total games - hdp 1 :: hdp,1,PARTIALLY_PRICED_ANALYTICAL,PARTIALLY_PRICED,MEDIUM,LOW,"Use `Total games - hdp 1` as a manual Superbet search path for Jodar, Rafael vs Mochizuki, Shintaro; promotion remains quote-review-only until the operator confirms the exact visible line and odds.","Independent lineup, injury, and referee feeds were not preserved in the upstream artifact set.; The Odds API provenance is auditable but still not event-specific raw bookmaker capture strength.",HIGH,tennis_jodar_rafael_vs_mochizuki_shintaro_2026_07_03t113000_0000; total_games,NOT_NEEDED_NOW,Analysis is evidence-led and price only gates EV/stake/final coupon.,"Human-entered Superbet market, exact line, decimal odds, timestamp, and correlation gate result."
40,TOP_PARTIALLY_PRICED_ANALYTICAL_CANDIDATES,candidate,cand_044_tennis_kasatkina_daria_vs_osaka_naomi_2026_07_03t120000_0000_total_games,tennis,"WTA - Wimbledon, London, Great Britain, Qualifying","Kasatkina, Daria vs Osaka, Naomi",total_games,Total games - hdp 1 :: hdp,1,PARTIALLY_PRICED_ANALYTICAL,PARTIALLY_PRICED,MEDIUM,LOW,"Use `Total games - hdp 1` as a manual Superbet search path for Kasatkina, Daria vs Osaka, Naomi; promotion remains quote-review-only until the operator confirms the exact visible line and odds.","Independent lineup, injury, and referee feeds were not preserved in the upstream artifact set.; The Odds API provenance is auditable but still not event-specific raw bookmaker capture strength.",HIGH,tennis_kasatkina_daria_vs_osaka_naomi_2026_07_03t120000_0000; total_games,NOT_NEEDED_NOW,Analysis is evidence-led and price only gates EV/stake/final coupon.,"Human-entered Superbet market, exact line, decimal odds, timestamp, and correlation gate result."
41,TOP_PARTIALLY_PRICED_ANALYTICAL_CANDIDATES,candidate,cand_048_tennis_liu_claire_vs_gauff_coco_2026_07_03t145000_0000_total_games,tennis,"WTA - Wimbledon, London, Great Britain, Qualifying","Liu, Claire vs Gauff, Coco",total_games,Total games - hdp 1 :: hdp,1,PARTIALLY_PRICED_ANALYTICAL,PARTIALLY_PRICED,MEDIUM,LOW,"Use `Total games - hdp 1` as a manual Superbet search path for Liu, Claire vs Gauff, Coco; promotion remains quote-review-only until the operator confirms the exact visible line and odds.","Independent lineup, injury, and referee feeds were not preserved in the upstream artifact set.; The Odds API provenance is auditable but still not event-specific raw bookmaker capture strength.",HIGH,tennis_liu_claire_vs_gauff_coco_2026_07_03t145000_0000; total_games,NOT_NEEDED_NOW,Analysis is evidence-led and price only gates EV/stake/final coupon.,"Human-entered Superbet market, exact line, decimal odds, timestamp, and correlation gate result."
42,TOP_PARTIALLY_PRICED_ANALYTICAL_CANDIDATES,candidate,cand_058_tennis_muchova_karolina_vs_sawangkaew_mananchaya_2026_07_03t131000_0000_total_games,tennis,"WTA - Wimbledon, London, Great Britain, Qualifying","Muchova, Karolina vs Sawangkaew, Mananchaya",total_games,Total games - hdp 1 :: hdp,1,PARTIALLY_PRICED_ANALYTICAL,PARTIALLY_PRICED,MEDIUM,LOW,"Use `Total games - hdp 1` as a manual Superbet search path for Muchova, Karolina vs Sawangkaew, Mananchaya; promotion remains quote-review-only until the operator confirms the exact visible line and odds.","Independent lineup, injury, and referee feeds were not preserved in the upstream artifact set.; The Odds API provenance is auditable but still not event-specific raw bookmaker capture strength.",HIGH,tennis_muchova_karolina_vs_sawangkaew_mananchaya_2026_07_03t131000_0000; total_games,NOT_NEEDED_NOW,Analysis is evidence-led and price only gates EV/stake/final coupon.,"Human-entered Superbet market, exact line, decimal odds, timestamp, and correlation gate result."
43,TOP_PARTIALLY_PRICED_ANALYTICAL_CANDIDATES,candidate,cand_056_tennis_pegula_jessica_vs_bouzas_maneiro_jessica_2026_07_03t114000_0000_total_games,tennis,"WTA - Wimbledon, London, Great Britain, Qualifying","Pegula, Jessica vs Bouzas Maneiro, Jessica",total_games,Total games - hdp 1 :: hdp,1,PARTIALLY_PRICED_ANALYTICAL,PARTIALLY_PRICED,MEDIUM,LOW,"Use `Total games - hdp 1` as a manual Superbet search path for Pegula, Jessica vs Bouzas Maneiro, Jessica; promotion remains quote-review-only until the operator confirms the exact visible line and odds.","Independent lineup, injury, and referee feeds were not preserved in the upstream artifact set.; The Odds API provenance is auditable but still not event-specific raw bookmaker capture strength.",HIGH,tennis_pegula_jessica_vs_bouzas_maneiro_jessica_2026_07_03t114000_0000; total_games,NOT_NEEDED_NOW,Analysis is evidence-led and price only gates EV/stake/final coupon.,"Human-entered Superbet market, exact line, decimal odds, timestamp, and correlation gate result."
44,TOP_PARTIALLY_PRICED_ANALYTICAL_CANDIDATES,candidate,cand_064_tennis_rinderknech_arthur_vs_djokovic_novak_2026_07_03t123000_0000_total_games,tennis,"ATP - Wimbledon, London, GB, Qualifying, 1st - 2nd Round","Rinderknech, Arthur vs Djokovic, Novak",total_games,Total games - hdp 1 :: hdp,1,PARTIALLY_PRICED_ANALYTICAL,PARTIALLY_PRICED,MEDIUM,LOW,"Use `Total games - hdp 1` as a manual Superbet search path for Rinderknech, Arthur vs Djokovic, Novak; promotion remains quote-review-only until the operator confirms the exact visible line and odds.","Independent lineup, injury, and referee feeds were not preserved in the upstream artifact set.; The Odds API provenance is auditable but still not event-specific raw bookmaker capture strength.",HIGH,tennis_rinderknech_arthur_vs_djokovic_novak_2026_07_03t123000_0000; total_games,NOT_NEEDED_NOW,Analysis is evidence-led and price only gates EV/stake/final coupon.,"Human-entered Superbet market, exact line, decimal odds, timestamp, and correlation gate result."
45,TOP_PARTIALLY_PRICED_ANALYTICAL_CANDIDATES,candidate,cand_060_tennis_sabalenka_aryna_vs_ostapenko_jelena_2026_07_03t141000_0000_total_games,tennis,"WTA - Wimbledon, London, Great Britain, Qualifying","Sabalenka, Aryna vs Ostapenko, Jelena",total_games,Total games - hdp 1 :: hdp,1,PARTIALLY_PRICED_ANALYTICAL,PARTIALLY_PRICED,MEDIUM,LOW,"Use `Total games - hdp 1` as a manual Superbet search path for Sabalenka, Aryna vs Ostapenko, Jelena; promotion remains quote-review-only until the operator confirms the exact visible line and odds.","Independent lineup, injury, and referee feeds were not preserved in the upstream artifact set.; The Odds API provenance is auditable but still not event-specific raw bookmaker capture strength.",HIGH,tennis_sabalenka_aryna_vs_ostapenko_jelena_2026_07_03t141000_0000; total_games,NOT_NEEDED_NOW,Analysis is evidence-led and price only gates EV/stake/final coupon.,"Human-entered Superbet market, exact line, decimal odds, timestamp, and correlation gate result."
46,TOP_PARTIALLY_PRICED_ANALYTICAL_CANDIDATES,candidate,cand_040_tennis_safiullin_roman_vs_fonseca_joao_2026_07_03t100000_0000_total_games,tennis,"ATP - Wimbledon, London, GB, Qualifying, 1st - 2nd Round","Safiullin, Roman vs Fonseca, Joao",total_games,Total games - hdp 1 :: hdp,1,PARTIALLY_PRICED_ANALYTICAL,PARTIALLY_PRICED,MEDIUM,LOW,"Use `Total games - hdp 1` as a manual Superbet search path for Safiullin, Roman vs Fonseca, Joao; promotion remains quote-review-only until the operator confirms the exact visible line and odds.","Independent lineup, injury, and referee feeds were not preserved in the upstream artifact set.; The Odds API provenance is auditable but still not event-specific raw bookmaker capture strength.",HIGH,tennis_safiullin_roman_vs_fonseca_joao_2026_07_03t100000_0000; total_games,NOT_NEEDED_NOW,Analysis is evidence-led and price only gates EV/stake/final coupon.,"Human-entered Superbet market, exact line, decimal odds, timestamp, and correlation gate result."
47,TOP_PARTIALLY_PRICED_ANALYTICAL_CANDIDATES,candidate,cand_054_tennis_sinner_jannik_vs_brooksby_jenson_2026_07_03t131000_0000_total_games,tennis,"ATP - Wimbledon, London, GB, Qualifying, 1st - 2nd Round","Sinner, Jannik vs Brooksby, Jenson",total_games,Total games - hdp 1 :: hdp,1,PARTIALLY_PRICED_ANALYTICAL,PARTIALLY_PRICED,MEDIUM,LOW,"Use `Total games - hdp 1` as a manual Superbet search path for Sinner, Jannik vs Brooksby, Jenson; promotion remains quote-review-only until the operator confirms the exact visible line and odds.","Independent lineup, injury, and referee feeds were not preserved in the upstream artifact set.; The Odds API provenance is auditable but still not event-specific raw bookmaker capture strength.",HIGH,tennis_sinner_jannik_vs_brooksby_jenson_2026_07_03t131000_0000; total_games,NOT_NEEDED_NOW,Analysis is evidence-led and price only gates EV/stake/final coupon.,"Human-entered Superbet market, exact line, decimal odds, timestamp, and correlation gate result."
48,TOP_PARTIALLY_PRICED_ANALYTICAL_CANDIDATES,candidate,cand_062_tennis_struff_jan_lennard_vs_medvedev_daniil_2026_07_03t113000_0000_total_games,tennis,"ATP - Wimbledon, London, GB, Qualifying, 1st - 2nd Round","Struff, Jan-Lennard vs Medvedev, Daniil",total_games,Total games - hdp 1 :: hdp,1,PARTIALLY_PRICED_ANALYTICAL,PARTIALLY_PRICED,MEDIUM,LOW,"Use `Total games - hdp 1` as a manual Superbet search path for Struff, Jan-Lennard vs Medvedev, Daniil; promotion remains quote-review-only until the operator confirms the exact visible line and odds.","Independent lineup, injury, and referee feeds were not preserved in the upstream artifact set.; The Odds API provenance is auditable but still not event-specific raw bookmaker capture strength.",HIGH,tennis_struff_jan_lennard_vs_medvedev_daniil_2026_07_03t113000_0000; total_games,NOT_NEEDED_NOW,Analysis is evidence-led and price only gates EV/stake/final coupon.,"Human-entered Superbet market, exact line, decimal odds, timestamp, and correlation gate result."
49,TOP_PARTIALLY_PRICED_ANALYTICAL_CANDIDATES,candidate,cand_093_valorant_g2_esports_vs_nongshim_redforce_2026_07_03t134500_0000_map_handicap,valorant,Esports World Cup,G2 Esports vs Nongshim RedForce,map_handicap,Map handicap - hdp 2 :: hdp,2,PARTIALLY_PRICED_ANALYTICAL,PARTIALLY_PRICED,MEDIUM,LOW,Use `Map handicap - hdp 2` as a manual Superbet search path for G2 Esports vs Nongshim RedForce; promotion remains quote-review-only until the operator confirms the exact visible line and odds.,"Independent lineup, injury, and referee feeds were not preserved in the upstream artifact set.; The Odds API provenance is auditable but still not event-specific raw bookmaker capture strength.",HIGH,valorant_g2_esports_vs_nongshim_redforce_2026_07_03t134500_0000; map_handicap,NOT_NEEDED_NOW,Analysis is evidence-led and price only gates EV/stake/final coupon.,"Human-entered Superbet market, exact line, decimal odds, timestamp, and correlation gate result."
50,TOP_PARTIALLY_PRICED_ANALYTICAL_CANDIDATES,candidate,cand_095_valorant_mibr_los_vs_global_esports_2026_07_03t110000_0000_map_handicap,valorant,Esports World Cup,MIBR LOS vs Global Esports,map_handicap,Map handicap - MIBR LOS 1 :: MIBR LOS,1,PARTIALLY_PRICED_ANALYTICAL,PARTIALLY_PRICED,MEDIUM,LOW,Use `Map handicap - MIBR LOS 1` as a manual Superbet search path for MIBR LOS vs Global Esports; promotion remains quote-review-only until the operator confirms the exact visible line and odds.,"Independent lineup, injury, and referee feeds were not preserved in the upstream artifact set.; The Odds API provenance is auditable but still not event-specific raw bookmaker capture strength.",HIGH,valorant_mibr_los_vs_global_esports_2026_07_03t110000_0000; map_handicap,NOT_NEEDED_NOW,Analysis is evidence-led and price only gates EV/stake/final coupon.,"Human-entered Superbet market, exact line, decimal odds, timestamp, and correlation gate result."
51,TOP_PARTIALLY_PRICED_ANALYTICAL_CANDIDATES,candidate,cand_097_valorant_team_heretics_vs_ag_al_international_2026_07_03t110000_0000_map_handicap,valorant,Esports World Cup,Team Heretics vs AG.AL International,map_handicap,Map handicap - Team Heretics 2 :: Team Heretics,2,PARTIALLY_PRICED_ANALYTICAL,PARTIALLY_PRICED,MEDIUM,LOW,Use `Map handicap - Team Heretics 2` as a manual Superbet search path for Team Heretics vs AG.AL International; promotion remains quote-review-only until the operator confirms the exact visible line and odds.,"Independent lineup, injury, and referee feeds were not preserved in the upstream artifact set.; The Odds API provenance is auditable but still not event-specific raw bookmaker capture strength.",HIGH,valorant_team_heretics_vs_ag_al_international_2026_07_03t110000_0000; map_handicap,NOT_NEEDED_NOW,Analysis is evidence-led and price only gates EV/stake/final coupon.,"Human-entered Superbet market, exact line, decimal odds, timestamp, and correlation gate result."
52,TOP_PARTIALLY_PRICED_ANALYTICAL_CANDIDATES,candidate,cand_072_basketball_austria_vs_poland_2026_07_03t160000_0000_result,basketball,"International - FIBA World Cup, European Qualifiers, Group F",Austria vs Poland,result,Moneyline - Austria :: Austria,NO_NUMERIC_LINE_REQUIRED,PARTIALLY_PRICED_ANALYTICAL,PARTIALLY_PRICED,MEDIUM,MEDIUM,Use `Moneyline - Austria` as a manual Superbet search path for Austria vs Poland; promotion remains quote-review-only until the operator confirms the exact visible line and odds.,"Independent lineup, injury, and referee feeds were not preserved in the upstream artifact set.; The Odds API provenance is auditable but still not event-specific raw bookmaker capture strength.",LOW,basketball_austria_vs_poland_2026_07_03t160000_0000; result,MEDIUM,Analysis is evidence-led and price only gates EV/stake/final coupon.,"Human-entered Superbet market, exact line, decimal odds, timestamp, and correlation gate result."
53,TOP_PARTIALLY_PRICED_ANALYTICAL_CANDIDATES,candidate,cand_076_basketball_belgium_vs_france_2026_07_03t183000_0000_result,basketball,"International - FIBA World Cup, European Qualifiers, Group G",Belgium vs France,result,Moneyline - Belgium :: Belgium,NO_NUMERIC_LINE_REQUIRED,PARTIALLY_PRICED_ANALYTICAL,PARTIALLY_PRICED,MEDIUM,MEDIUM,Use `Moneyline - Belgium` as a manual Superbet search path for Belgium vs France; promotion remains quote-review-only until the operator confirms the exact visible line and odds.,"Independent lineup, injury, and referee feeds were not preserved in the upstream artifact set.; The Odds API provenance is auditable but still not event-specific raw bookmaker capture strength.",LOW,basketball_belgium_vs_france_2026_07_03t183000_0000; result,MEDIUM,Analysis is evidence-led and price only gates EV/stake/final coupon.,"Human-entered Superbet market, exact line, decimal odds, timestamp, and correlation gate result."
54,TOP_PARTIALLY_PRICED_ANALYTICAL_CANDIDATES,candidate,cand_080_basketball_canterbury_rams_vs_manawatu_jets_2026_07_03t073000_0000_result,basketball,New Zealand - NBL,Canterbury Rams vs Manawatu Jets,result,Moneyline - Canterbury Rams :: Canterbury Rams,NO_NUMERIC_LINE_REQUIRED,PARTIALLY_PRICED_ANALYTICAL,PARTIALLY_PRICED,MEDIUM,MEDIUM,Use `Moneyline - Canterbury Rams` as a manual Superbet search path for Canterbury Rams vs Manawatu Jets; promotion remains quote-review-only until the operator confirms the exact visible line and odds.,"Independent lineup, injury, and referee feeds were not preserved in the upstream artifact set.; The Odds API provenance is auditable but still not event-specific raw bookmaker capture strength.",LOW,basketball_canterbury_rams_vs_manawatu_jets_2026_07_03t073000_0000; result,MEDIUM,Analysis is evidence-led and price only gates EV/stake/final coupon.,"Human-entered Superbet market, exact line, decimal odds, timestamp, and correlation gate result."
55,TOP_PARTIALLY_PRICED_ANALYTICAL_CANDIDATES,candidate,cand_084_basketball_china_vs_japan_2026_07_03t113000_0000_result,basketball,"International - FIBA World Cup, Asian & Oceanian Qualifiers, Gr. B",China vs Japan,result,Moneyline - China :: China,NO_NUMERIC_LINE_REQUIRED,PARTIALLY_PRICED_ANALYTICAL,PARTIALLY_PRICED,MEDIUM,MEDIUM,Use `Moneyline - China` as a manual Superbet search path for China vs Japan; promotion remains quote-review-only until the operator confirms the exact visible line and odds.,"Independent lineup, injury, and referee feeds were not preserved in the upstream artifact set.; The Odds API provenance is auditable but still not event-specific raw bookmaker capture strength.",LOW,basketball_china_vs_japan_2026_07_03t113000_0000; result,MEDIUM,Analysis is evidence-led and price only gates EV/stake/final coupon.,"Human-entered Superbet market, exact line, decimal odds, timestamp, and correlation gate result."
56,TOP_PARTIALLY_PRICED_ANALYTICAL_CANDIDATES,candidate,cand_086_basketball_finland_vs_hungary_2026_07_03t153000_0000_result,basketball,"International - FIBA World Cup, European Qualifiers, Group G",Finland vs Hungary,result,Moneyline - Finland :: Finland,NO_NUMERIC_LINE_REQUIRED,PARTIALLY_PRICED_ANALYTICAL,PARTIALLY_PRICED,MEDIUM,MEDIUM,Use `Moneyline - Finland` as a manual Superbet search path for Finland vs Hungary; promotion remains quote-review-only until the operator confirms the exact visible line and odds.,"Independent lineup, injury, and referee feeds were not preserved in the upstream artifact set.; The Odds API provenance is auditable but still not event-specific raw bookmaker capture strength.",LOW,basketball_finland_vs_hungary_2026_07_03t153000_0000; result,MEDIUM,Analysis is evidence-led and price only gates EV/stake/final coupon.,"Human-entered Superbet market, exact line, decimal odds, timestamp, and correlation gate result."
57,TOP_PARTIALLY_PRICED_ANALYTICAL_CANDIDATES,candidate,cand_070_basketball_israel_vs_germany_2026_07_03t170000_0000_result,basketball,"International - FIBA World Cup, European Qualifiers, Group E",Israel vs Germany,result,Moneyline - Israel :: Israel,NO_NUMERIC_LINE_REQUIRED,PARTIALLY_PRICED_ANALYTICAL,PARTIALLY_PRICED,MEDIUM,MEDIUM,Use `Moneyline - Israel` as a manual Superbet search path for Israel vs Germany; promotion remains quote-review-only until the operator confirms the exact visible line and odds.,"Independent lineup, injury, and referee feeds were not preserved in the upstream artifact set.; The Odds API provenance is auditable but still not event-specific raw bookmaker capture strength.",LOW,basketball_israel_vs_germany_2026_07_03t170000_0000; result,MEDIUM,Analysis is evidence-led and price only gates EV/stake/final coupon.,"Human-entered Superbet market, exact line, decimal odds, timestamp, and correlation gate result."
58,TOP_PARTIALLY_PRICED_ANALYTICAL_CANDIDATES,candidate,cand_082_basketball_korea_republic_vs_chinese_taipei_2026_07_03t103000_0000_result,basketball,"International - FIBA World Cup, Asian & Oceanian Qualifiers, Gr. B",Korea Republic vs Chinese Taipei,result,Moneyline - Korea Republic :: Korea Republic,NO_NUMERIC_LINE_REQUIRED,PARTIALLY_PRICED_ANALYTICAL,PARTIALLY_PRICED,MEDIUM,MEDIUM,Use `Moneyline - Korea Republic` as a manual Superbet search path for Korea Republic vs Chinese Taipei; promotion remains quote-review-only until the operator confirms the exact visible line and odds.,"Independent lineup, injury, and referee feeds were not preserved in the upstream artifact set.; The Odds API provenance is auditable but still not event-specific raw bookmaker capture strength.",LOW,basketball_korea_republic_vs_chinese_taipei_2026_07_03t103000_0000; result,MEDIUM,Analysis is evidence-led and price only gates EV/stake/final coupon.,"Human-entered Superbet market, exact line, decimal odds, timestamp, and correlation gate result."
59,TOP_PARTIALLY_PRICED_ANALYTICAL_CANDIDATES,candidate,cand_069_basketball_ny_liberty_vs_minnesota_2026_07_03t233000_0000_result,basketball,USA - WNBA,NY Liberty vs Minnesota,result,Moneyline - NY Liberty :: NY Liberty,NO_NUMERIC_LINE_REQUIRED,PARTIALLY_PRICED_ANALYTICAL,PARTIALLY_PRICED,MEDIUM,MEDIUM,Use `Moneyline - NY Liberty` as a manual Superbet search path for NY Liberty vs Minnesota; promotion remains quote-review-only until the operator confirms the exact visible line and odds.,"Independent lineup, injury, and referee feeds were not preserved in the upstream artifact set.; The Odds API provenance is auditable but still not event-specific raw bookmaker capture strength.",LOW,basketball_ny_liberty_vs_minnesota_2026_07_03t233000_0000; result,MEDIUM,Analysis is evidence-led and price only gates EV/stake/final coupon.,"Human-entered Superbet market, exact line, decimal odds, timestamp, and correlation gate result."
60,TOP_PARTIALLY_PRICED_ANALYTICAL_CANDIDATES,candidate,cand_074_basketball_netherlands_vs_latvia_2026_07_03t173000_0000_result,basketball,"International - FIBA World Cup, European Qualifiers, Group F",Netherlands vs Latvia,result,Moneyline - Netherlands :: Netherlands,NO_NUMERIC_LINE_REQUIRED,PARTIALLY_PRICED_ANALYTICAL,PARTIALLY_PRICED,MEDIUM,MEDIUM,Use `Moneyline - Netherlands` as a manual Superbet search path for Netherlands vs Latvia; promotion remains quote-review-only until the operator confirms the exact visible line and odds.,"Independent lineup, injury, and referee feeds were not preserved in the upstream artifact set.; The Odds API provenance is auditable but still not event-specific raw bookmaker capture strength.",LOW,basketball_netherlands_vs_latvia_2026_07_03t173000_0000; result,MEDIUM,Analysis is evidence-led and price only gates EV/stake/final coupon.,"Human-entered Superbet market, exact line, decimal odds, timestamp, and correlation gate result."
61,TOP_PARTIALLY_PRICED_ANALYTICAL_CANDIDATES,candidate,cand_103_cs2_big_vs_mibr_2026_07_03t080000_0000_result,cs2,XSE Pro League,BIG vs MIBR,result,Match winner - BIG :: BIG,NO_NUMERIC_LINE_REQUIRED,PARTIALLY_PRICED_ANALYTICAL,PARTIALLY_PRICED,MEDIUM,MEDIUM,Use `Match winner - BIG` as a manual Superbet search path for BIG vs MIBR; promotion remains quote-review-only until the operator confirms the exact visible line and odds.,"Independent lineup, injury, and referee feeds were not preserved in the upstream artifact set.; The Odds API provenance is auditable but still not event-specific raw bookmaker capture strength.",LOW,cs2_big_vs_mibr_2026_07_03t080000_0000; result,MEDIUM,Analysis is evidence-led and price only gates EV/stake/final coupon.,"Human-entered Superbet market, exact line, decimal odds, timestamp, and correlation gate result."
62,TOP_PARTIALLY_PRICED_ANALYTICAL_CANDIDATES,candidate,cand_088_cs2_betboom_team_vs_team_nemesis_2026_07_03t130000_0000_result,cs2,XSE Pro League,BetBoom Team vs Team Nemesis,result,Match winner - BetBoom Team :: BetBoom Team,NO_NUMERIC_LINE_REQUIRED,PARTIALLY_PRICED_ANALYTICAL,PARTIALLY_PRICED,MEDIUM,MEDIUM,Use `Match winner - BetBoom Team` as a manual Superbet search path for BetBoom Team vs Team Nemesis; promotion remains quote-review-only until the operator confirms the exact visible line and odds.,"Independent lineup, injury, and referee feeds were not preserved in the upstream artifact set.; The Odds API provenance is auditable but still not event-specific raw bookmaker capture strength.",LOW,cs2_betboom_team_vs_team_nemesis_2026_07_03t130000_0000; result,MEDIUM,Analysis is evidence-led and price only gates EV/stake/final coupon.,"Human-entered Superbet market, exact line, decimal odds, timestamp, and correlation gate result."
63,TOP_PARTIALLY_PRICED_ANALYTICAL_CANDIDATES,candidate,cand_090_cs2_faze_vs_sinners_2026_07_03t130000_0000_result,cs2,XSE Pro League,FaZe vs Sinners,result,Match winner - FaZe :: FaZe,NO_NUMERIC_LINE_REQUIRED,PARTIALLY_PRICED_ANALYTICAL,PARTIALLY_PRICED,MEDIUM,MEDIUM,Use `Match winner - FaZe` as a manual Superbet search path for FaZe vs Sinners; promotion remains quote-review-only until the operator confirms the exact visible line and odds.,"Independent lineup, injury, and referee feeds were not preserved in the upstream artifact set.; The Odds API provenance is auditable but still not event-specific raw bookmaker capture strength.",LOW,cs2_faze_vs_sinners_2026_07_03t130000_0000; result,MEDIUM,Analysis is evidence-led and price only gates EV/stake/final coupon.,"Human-entered Superbet market, exact line, decimal odds, timestamp, and correlation gate result."
64,TOP_PARTIALLY_PRICED_ANALYTICAL_CANDIDATES,candidate,cand_101_cs2_parivision_vs_lynn_vision_2026_07_03t080000_0000_result,cs2,XSE Pro League,PARIVISION vs Lynn Vision,result,Match winner - PARIVISION :: PARIVISION,NO_NUMERIC_LINE_REQUIRED,PARTIALLY_PRICED_ANALYTICAL,PARTIALLY_PRICED,MEDIUM,MEDIUM,Use `Match winner - PARIVISION` as a manual Superbet search path for PARIVISION vs Lynn Vision; promotion remains quote-review-only until the operator confirms the exact visible line and odds.,"Independent lineup, injury, and referee feeds were not preserved in the upstream artifact set.; The Odds API provenance is auditable but still not event-specific raw bookmaker capture strength.",LOW,cs2_parivision_vs_lynn_vision_2026_07_03t080000_0000; result,MEDIUM,Analysis is evidence-led and price only gates EV/stake/final coupon.,"Human-entered Superbet market, exact line, decimal odds, timestamp, and correlation gate result."
65,TOP_PARTIALLY_PRICED_ANALYTICAL_CANDIDATES,candidate,cand_003_football_argentina_vs_cape_verde_2026_07_03t220000_0000_result,football,International - FIFA World Cup,Argentina vs Cape Verde,result,Draw No Bet - Argentina :: Argentina,NO_NUMERIC_LINE_REQUIRED,PARTIALLY_PRICED_ANALYTICAL,PARTIALLY_PRICED,MEDIUM,MEDIUM,Use `Draw No Bet - Argentina` as a manual Superbet search path for Argentina vs Cape Verde; promotion remains quote-review-only until the operator confirms the exact visible line and odds.,"Independent lineup, injury, and referee feeds were not preserved in the upstream artifact set.; The Odds API provenance is auditable but still not event-specific raw bookmaker capture strength.",LOW,football_argentina_vs_cape_verde_2026_07_03t220000_0000; result,MEDIUM,Analysis is evidence-led and price only gates EV/stake/final coupon.,"Human-entered Superbet market, exact line, decimal odds, timestamp, and correlation gate result."
66,TOP_PARTIALLY_PRICED_ANALYTICAL_CANDIDATES,candidate,cand_001_football_australia_vs_egypt_2026_07_03t180000_0000_result,football,International - FIFA World Cup,Australia vs Egypt,result,Draw No Bet - Australia :: Australia,NO_NUMERIC_LINE_REQUIRED,PARTIALLY_PRICED_ANALYTICAL,PARTIALLY_PRICED,MEDIUM,MEDIUM,Use `Draw No Bet - Australia` as a manual Superbet search path for Australia vs Egypt; promotion remains quote-review-only until the operator confirms the exact visible line and odds.,"Independent lineup, injury, and referee feeds were not preserved in the upstream artifact set.; The Odds API provenance is auditable but still not event-specific raw bookmaker capture strength.",LOW,football_australia_vs_egypt_2026_07_03t180000_0000; result,MEDIUM,Analysis is evidence-led and price only gates EV/stake/final coupon.,"Human-entered Superbet market, exact line, decimal odds, timestamp, and correlation gate result."
67,TOP_PARTIALLY_PRICED_ANALYTICAL_CANDIDATES,candidate,cand_033_football_bray_wanderers_vs_athlone_town_2026_07_03t184500_0000_result,football,Ireland - First Division,Bray Wanderers vs Athlone Town,result,Draw No Bet - Bray Wanderers :: Bray Wanderers,NO_NUMERIC_LINE_REQUIRED,PARTIALLY_PRICED_ANALYTICAL,PARTIALLY_PRICED,MEDIUM,MEDIUM,Use `Draw No Bet - Bray Wanderers` as a manual Superbet search path for Bray Wanderers vs Athlone Town; promotion remains quote-review-only until the operator confirms the exact visible line and odds.,"Independent lineup, injury, and referee feeds were not preserved in the upstream artifact set.; The Odds API provenance is auditable but still not event-specific raw bookmaker capture strength.",LOW,football_bray_wanderers_vs_athlone_town_2026_07_03t184500_0000; result,MEDIUM,Analysis is evidence-led and price only gates EV/stake/final coupon.,"Human-entered Superbet market, exact line, decimal odds, timestamp, and correlation gate result."
68,TOP_PARTIALLY_PRICED_ANALYTICAL_CANDIDATES,candidate,cand_023_football_comets_vs_croydon_2026_07_03t110000_0000_result,football,Australia - South Australia NPL,Comets vs Croydon,result,Draw No Bet - Comets :: Comets,NO_NUMERIC_LINE_REQUIRED,PARTIALLY_PRICED_ANALYTICAL,PARTIALLY_PRICED,MEDIUM,MEDIUM,Use `Draw No Bet - Comets` as a manual Superbet search path for Comets vs Croydon; promotion remains quote-review-only until the operator confirms the exact visible line and odds.,"Independent lineup, injury, and referee feeds were not preserved in the upstream artifact set.; The Odds API provenance is auditable but still not event-specific raw bookmaker capture strength.",LOW,football_comets_vs_croydon_2026_07_03t110000_0000; result,MEDIUM,Analysis is evidence-led and price only gates EV/stake/final coupon.,"Human-entered Superbet market, exact line, decimal odds, timestamp, and correlation gate result."
69,TOP_PARTIALLY_PRICED_ANALYTICAL_CANDIDATES,candidate,cand_017_football_derry_city_vs_waterford_2026_07_03t184500_0000_result,football,Ireland - Premier Division,Derry City vs Waterford,result,Draw No Bet - Derry City :: Derry City,NO_NUMERIC_LINE_REQUIRED,PARTIALLY_PRICED_ANALYTICAL,PARTIALLY_PRICED,MEDIUM,MEDIUM,Use `Draw No Bet - Derry City` as a manual Superbet search path for Derry City vs Waterford; promotion remains quote-review-only until the operator confirms the exact visible line and odds.,"Independent lineup, injury, and referee feeds were not preserved in the upstream artifact set.; The Odds API provenance is auditable but still not event-specific raw bookmaker capture strength.",LOW,football_derry_city_vs_waterford_2026_07_03t184500_0000; result,MEDIUM,Analysis is evidence-led and price only gates EV/stake/final coupon.,"Human-entered Superbet market, exact line, decimal odds, timestamp, and correlation gate result."
70,TOP_PARTIALLY_PRICED_ANALYTICAL_CANDIDATES,candidate,cand_009_football_drogheda_united_vs_bohemians_d_2026_07_03t184500_0000_result,football,Ireland - Premier Division,Drogheda United vs Bohemians D.,result,Draw No Bet - Drogheda United :: Drogheda United,NO_NUMERIC_LINE_REQUIRED,PARTIALLY_PRICED_ANALYTICAL,PARTIALLY_PRICED,MEDIUM,MEDIUM,Use `Draw No Bet - Drogheda United` as a manual Superbet search path for Drogheda United vs Bohemians D.; promotion remains quote-review-only until the operator confirms the exact visible line and odds.,"Independent lineup, injury, and referee feeds were not preserved in the upstream artifact set.; The Odds API provenance is auditable but still not event-specific raw bookmaker capture strength.",LOW,football_drogheda_united_vs_bohemians_d_2026_07_03t184500_0000; result,MEDIUM,Analysis is evidence-led and price only gates EV/stake/final coupon.,"Human-entered Superbet market, exact line, decimal odds, timestamp, and correlation gate result."
71,TOP_PARTIALLY_PRICED_ANALYTICAL_CANDIDATES,candidate,cand_025_football_green_gully_vs_bentleigh_2026_07_03t093000_0000_result,football,Australia - Victoria NPL,Green Gully vs Bentleigh,result,Draw No Bet - Green Gully :: Green Gully,NO_NUMERIC_LINE_REQUIRED,PARTIALLY_PRICED_ANALYTICAL,PARTIALLY_PRICED,MEDIUM,MEDIUM,Use `Draw No Bet - Green Gully` as a manual Superbet search path for Green Gully vs Bentleigh; promotion remains quote-review-only until the operator confirms the exact visible line and odds.,"Independent lineup, injury, and referee feeds were not preserved in the upstream artifact set.; The Odds API provenance is auditable but still not event-specific raw bookmaker capture strength.",LOW,football_green_gully_vs_bentleigh_2026_07_03t093000_0000; result,MEDIUM,Analysis is evidence-led and price only gates EV/stake/final coupon.,"Human-entered Superbet market, exact line, decimal odds, timestamp, and correlation gate result."
72,TOP_PARTIALLY_PRICED_ANALYTICAL_CANDIDATES,candidate,cand_019_football_hafnarfjordur_vs_stjarnan_2026_07_03t191500_0000_result,football,Iceland - Efsta deild,Hafnarfjordur vs Stjarnan,result,Draw No Bet - Hafnarfjordur :: Hafnarfjordur,NO_NUMERIC_LINE_REQUIRED,PARTIALLY_PRICED_ANALYTICAL,PARTIALLY_PRICED,MEDIUM,MEDIUM,Use `Draw No Bet - Hafnarfjordur` as a manual Superbet search path for Hafnarfjordur vs Stjarnan; promotion remains quote-review-only until the operator confirms the exact visible line and odds.,"Independent lineup, injury, and referee feeds were not preserved in the upstream artifact set.; The Odds API provenance is auditable but still not event-specific raw bookmaker capture strength.",LOW,football_hafnarfjordur_vs_stjarnan_2026_07_03t191500_0000; result,MEDIUM,Analysis is evidence-led and price only gates EV/stake/final coupon.,"Human-entered Superbet market, exact line, decimal odds, timestamp, and correlation gate result."
73,TOP_PARTIALLY_PRICED_ANALYTICAL_CANDIDATES,candidate,cand_029_football_heidelberg_united_vs_st_albans_saints_dinamo_2026_07_03t093000_0000_result,football,Australia - Victoria NPL,Heidelberg United vs ST Albans Saints Dinamo,result,Draw No Bet - Heidelberg United :: Heidelberg United,NO_NUMERIC_LINE_REQUIRED,PARTIALLY_PRICED_ANALYTICAL,PARTIALLY_PRICED,MEDIUM,MEDIUM,Use `Draw No Bet - Heidelberg United` as a manual Superbet search path for Heidelberg United vs ST Albans Saints Dinamo; promotion remains quote-review-only until the operator confirms the exact visible line and odds.,"Independent lineup, injury, and referee feeds were not preserved in the upstream artifact set.; The Odds API provenance is auditable but still not event-specific raw bookmaker capture strength.",LOW,football_heidelberg_united_vs_st_albans_saints_dinamo_2026_07_03t093000_0000; result,MEDIUM,Analysis is evidence-led and price only gates EV/stake/final coupon.,"Human-entered Superbet market, exact line, decimal odds, timestamp, and correlation gate result."
74,TOP_PARTIALLY_PRICED_ANALYTICAL_CANDIDATES,candidate,cand_031_football_ir_reykjavik_vs_afturelding_2026_07_03t191500_0000_result,football,Iceland - 1 deild,IR Reykjavik vs Afturelding,result,Draw No Bet - IR Reykjavik :: IR Reykjavik,NO_NUMERIC_LINE_REQUIRED,PARTIALLY_PRICED_ANALYTICAL,PARTIALLY_PRICED,MEDIUM,MEDIUM,Use `Draw No Bet - IR Reykjavik` as a manual Superbet search path for IR Reykjavik vs Afturelding; promotion remains quote-review-only until the operator confirms the exact visible line and odds.,"Independent lineup, injury, and referee feeds were not preserved in the upstream artifact set.; The Odds API provenance is auditable but still not event-specific raw bookmaker capture strength.",LOW,football_ir_reykjavik_vs_afturelding_2026_07_03t191500_0000; result,MEDIUM,Analysis is evidence-led and price only gates EV/stake/final coupon.,"Human-entered Superbet market, exact line, decimal odds, timestamp, and correlation gate result."
75,TOP_PARTIALLY_PRICED_ANALYTICAL_CANDIDATES,candidate,cand_037_football_japs_vs_akatemia_2026_07_03t153000_0000_result,football,Finland - Ykkosliiga,JaPS vs Akatemia,result,Draw No Bet - JaPS :: JaPS,NO_NUMERIC_LINE_REQUIRED,PARTIALLY_PRICED_ANALYTICAL,PARTIALLY_PRICED,MEDIUM,MEDIUM,Use `Draw No Bet - JaPS` as a manual Superbet search path for JaPS vs Akatemia; promotion remains quote-review-only until the operator confirms the exact visible line and odds.,"Independent lineup, injury, and referee feeds were not preserved in the upstream artifact set.; The Odds API provenance is auditable but still not event-specific raw bookmaker capture strength.",LOW,football_japs_vs_akatemia_2026_07_03t153000_0000; result,MEDIUM,Analysis is evidence-led and price only gates EV/stake/final coupon.,"Human-entered Superbet market, exact line, decimal odds, timestamp, and correlation gate result."
76,TOP_PARTIALLY_PRICED_ANALYTICAL_CANDIDATES,candidate,cand_035_football_loudoun_united_fc_vs_sporting_jax_2026_07_03t233000_0000_result,football,"USA - USL, Championship",Loudoun United FC vs Sporting Jax,result,Draw No Bet - Loudoun United FC :: Loudoun United FC,NO_NUMERIC_LINE_REQUIRED,PARTIALLY_PRICED_ANALYTICAL,PARTIALLY_PRICED,MEDIUM,MEDIUM,Use `Draw No Bet - Loudoun United FC` as a manual Superbet search path for Loudoun United FC vs Sporting Jax; promotion remains quote-review-only until the operator confirms the exact visible line and odds.,"Independent lineup, injury, and referee feeds were not preserved in the upstream artifact set.; The Odds API provenance is auditable but still not event-specific raw bookmaker capture strength.",LOW,football_loudoun_united_fc_vs_sporting_jax_2026_07_03t233000_0000; result,MEDIUM,Analysis is evidence-led and price only gates EV/stake/final coupon.,"Human-entered Superbet market, exact line, decimal odds, timestamp, and correlation gate result."
77,TOP_PARTIALLY_PRICED_ANALYTICAL_CANDIDATES,candidate,cand_027_football_nomme_united_vs_nomme_united_2026_07_03t160000_0000_result,football,Estonia - Premium Liiga,Nomme United vs Nomme United,result,Draw No Bet - Nomme United :: Nomme United,NO_NUMERIC_LINE_REQUIRED,PARTIALLY_PRICED_ANALYTICAL,PARTIALLY_PRICED,MEDIUM,MEDIUM,Use `Draw No Bet - Nomme United` as a manual Superbet search path for Nomme United vs Nomme United; promotion remains quote-review-only until the operator confirms the exact visible line and odds.,"Independent lineup, injury, and referee feeds were not preserved in the upstream artifact set.; The Odds API provenance is auditable but still not event-specific raw bookmaker capture strength.",LOW,football_nomme_united_vs_nomme_united_2026_07_03t160000_0000; result,MEDIUM,Analysis is evidence-led and price only gates EV/stake/final coupon.,"Human-entered Superbet market, exact line, decimal odds, timestamp, and correlation gate result."
78,TOP_PARTIALLY_PRICED_ANALYTICAL_CANDIDATES,candidate,cand_015_football_shelbourne_vs_dundalk_2026_07_03t190000_0000_result,football,Ireland - Premier Division,Shelbourne vs Dundalk,result,Draw No Bet - Shelbourne :: Shelbourne,NO_NUMERIC_LINE_REQUIRED,PARTIALLY_PRICED_ANALYTICAL,PARTIALLY_PRICED,MEDIUM,MEDIUM,Use `Draw No Bet - Shelbourne` as a manual Superbet search path for Shelbourne vs Dundalk; promotion remains quote-review-only until the operator confirms the exact visible line and odds.,"Independent lineup, injury, and referee feeds were not preserved in the upstream artifact set.; The Odds API provenance is auditable but still not event-specific raw bookmaker capture strength.",LOW,football_shelbourne_vs_dundalk_2026_07_03t190000_0000; result,MEDIUM,Analysis is evidence-led and price only gates EV/stake/final coupon.,"Human-entered Superbet market, exact line, decimal odds, timestamp, and correlation gate result."
79,TOP_PARTIALLY_PRICED_ANALYTICAL_CANDIDATES,candidate,cand_011_football_sirius_vs_mjallby_2026_07_03t170000_0000_result,football,Sweden - Allsvenskan,Sirius vs Mjallby,result,Draw No Bet - Sirius :: Sirius,NO_NUMERIC_LINE_REQUIRED,PARTIALLY_PRICED_ANALYTICAL,PARTIALLY_PRICED,MEDIUM,MEDIUM,Use `Draw No Bet - Sirius` as a manual Superbet search path for Sirius vs Mjallby; promotion remains quote-review-only until the operator confirms the exact visible line and odds.,"Independent lineup, injury, and referee feeds were not preserved in the upstream artifact set.; The Odds API provenance is auditable but still not event-specific raw bookmaker capture strength.",LOW,football_sirius_vs_mjallby_2026_07_03t170000_0000; result,MEDIUM,Analysis is evidence-led and price only gates EV/stake/final coupon.,"Human-entered Superbet market, exact line, decimal odds, timestamp, and correlation gate result."
80,TOP_PARTIALLY_PRICED_ANALYTICAL_CANDIDATES,candidate,cand_005_football_sligo_rovers_vs_shamrock_2026_07_03t184500_0000_result,football,Ireland - Premier Division,Sligo Rovers vs Shamrock,result,Draw No Bet - Sligo Rovers :: Sligo Rovers,NO_NUMERIC_LINE_REQUIRED,PARTIALLY_PRICED_ANALYTICAL,PARTIALLY_PRICED,MEDIUM,MEDIUM,Use `Draw No Bet - Sligo Rovers` as a manual Superbet search path for Sligo Rovers vs Shamrock; promotion remains quote-review-only until the operator confirms the exact visible line and odds.,"Independent lineup, injury, and referee feeds were not preserved in the upstream artifact set.; The Odds API provenance is auditable but still not event-specific raw bookmaker capture strength.",LOW,football_sligo_rovers_vs_shamrock_2026_07_03t184500_0000; result,MEDIUM,Analysis is evidence-led and price only gates EV/stake/final coupon.,"Human-entered Superbet market, exact line, decimal odds, timestamp, and correlation gate result."
81,TOP_PARTIALLY_PRICED_ANALYTICAL_CANDIDATES,candidate,cand_013_football_st_patrick_s_vs_galway_utd_2026_07_03t184500_0000_result,football,Ireland - Premier Division,St. Patrick´s vs Galway Utd,result,Draw No Bet - St. Patrick´s :: St. Patrick´s,NO_NUMERIC_LINE_REQUIRED,PARTIALLY_PRICED_ANALYTICAL,PARTIALLY_PRICED,MEDIUM,MEDIUM,Use `Draw No Bet - St. Patrick´s` as a manual Superbet search path for St. Patrick´s vs Galway Utd; promotion remains quote-review-only until the operator confirms the exact visible line and odds.,"Independent lineup, injury, and referee feeds were not preserved in the upstream artifact set.; The Odds API provenance is auditable but still not event-specific raw bookmaker capture strength.",LOW,football_st_patrick_s_vs_galway_utd_2026_07_03t184500_0000; result,MEDIUM,Analysis is evidence-led and price only gates EV/stake/final coupon.,"Human-entered Superbet market, exact line, decimal odds, timestamp, and correlation gate result."
82,TOP_PARTIALLY_PRICED_ANALYTICAL_CANDIDATES,candidate,cand_021_football_wolves_vs_rochedale_2026_07_03t093000_0000_result,football,Australia - Queensland NPL,Wolves vs Rochedale,result,Draw No Bet - Wolves :: Wolves,NO_NUMERIC_LINE_REQUIRED,PARTIALLY_PRICED_ANALYTICAL,PARTIALLY_PRICED,MEDIUM,MEDIUM,Use `Draw No Bet - Wolves` as a manual Superbet search path for Wolves vs Rochedale; promotion remains quote-review-only until the operator confirms the exact visible line and odds.,"Independent lineup, injury, and referee feeds were not preserved in the upstream artifact set.; The Odds API provenance is auditable but still not event-specific raw bookmaker capture strength.",LOW,football_wolves_vs_rochedale_2026_07_03t093000_0000; result,MEDIUM,Analysis is evidence-led and price only gates EV/stake/final coupon.,"Human-entered Superbet market, exact line, decimal odds, timestamp, and correlation gate result."
83,TOP_PARTIALLY_PRICED_ANALYTICAL_CANDIDATES,candidate,cand_007_football_yunnan_yukun_vs_henan_2026_07_03t120000_0000_result,football,China - Chinese Super League,Yunnan Yukun vs Henan,result,Draw No Bet - Yunnan Yukun :: Yunnan Yukun,NO_NUMERIC_LINE_REQUIRED,PARTIALLY_PRICED_ANALYTICAL,PARTIALLY_PRICED,MEDIUM,MEDIUM,Use `Draw No Bet - Yunnan Yukun` as a manual Superbet search path for Yunnan Yukun vs Henan; promotion remains quote-review-only until the operator confirms the exact visible line and odds.,"Independent lineup, injury, and referee feeds were not preserved in the upstream artifact set.; The Odds API provenance is auditable but still not event-specific raw bookmaker capture strength.",LOW,football_yunnan_yukun_vs_henan_2026_07_03t120000_0000; result,MEDIUM,Analysis is evidence-led and price only gates EV/stake/final coupon.,"Human-entered Superbet market, exact line, decimal odds, timestamp, and correlation gate result."
84,TOP_PARTIALLY_PRICED_ANALYTICAL_CANDIDATES,candidate,cand_105_hockey_sydney_ice_dogs_vs_perth_thunder_2026_07_03t093000_0000_result,hockey,Australia - AIHL,Sydney Ice Dogs vs Perth Thunder,result,Match winner - Sydney Ice Dogs :: Sydney Ice Dogs,NO_NUMERIC_LINE_REQUIRED,PARTIALLY_PRICED_ANALYTICAL,PARTIALLY_PRICED,MEDIUM,MEDIUM,Use `Match winner - Sydney Ice Dogs` as a manual Superbet search path for Sydney Ice Dogs vs Perth Thunder; promotion remains quote-review-only until the operator confirms the exact visible line and odds.,"Independent lineup, injury, and referee feeds were not preserved in the upstream artifact set.; The Odds API provenance is auditable but still not event-specific raw bookmaker capture strength.",LOW,hockey_sydney_ice_dogs_vs_perth_thunder_2026_07_03t093000_0000; result,MEDIUM,Analysis is evidence-led and price only gates EV/stake/final coupon.,"Human-entered Superbet market, exact line, decimal odds, timestamp, and correlation gate result."
85,TOP_PARTIALLY_PRICED_ANALYTICAL_CANDIDATES,candidate,cand_041_tennis_alexandrova_ekaterina_vs_jovic_iva_2026_07_03t113000_0000_result,tennis,"WTA - Wimbledon, London, Great Britain, Qualifying","Alexandrova, Ekaterina vs Jovic, Iva",result,"Match winner - Alexandrova, Ekaterina :: Alexandrova, Ekaterina",NO_NUMERIC_LINE_REQUIRED,PARTIALLY_PRICED_ANALYTICAL,PARTIALLY_PRICED,MEDIUM,MEDIUM,"Use `Match winner - Alexandrova, Ekaterina` as a manual Superbet search path for Alexandrova, Ekaterina vs Jovic, Iva; promotion remains quote-review-only until the operator confirms the exact visible line and odds.","Independent lineup, injury, and referee feeds were not preserved in the upstream artifact set.; The Odds API provenance is auditable but still not event-specific raw bookmaker capture strength.",LOW,tennis_alexandrova_ekaterina_vs_jovic_iva_2026_07_03t113000_0000; result,MEDIUM,Analysis is evidence-led and price only gates EV/stake/final coupon.,"Human-entered Superbet market, exact line, decimal odds, timestamp, and correlation gate result."
86,TOP_PARTIALLY_PRICED_ANALYTICAL_CANDIDATES,candidate,cand_045_tennis_bartunkova_nikola_vs_krejcikova_barbora_2026_07_03t131000_0000_result,tennis,"WTA - Wimbledon, London, Great Britain, Qualifying","Bartunkova, Nikola vs Krejcikova, Barbora",result,"Match winner - Bartunkova, Nikola :: Bartunkova, Nikola",NO_NUMERIC_LINE_REQUIRED,PARTIALLY_PRICED_ANALYTICAL,PARTIALLY_PRICED,MEDIUM,MEDIUM,"Use `Match winner - Bartunkova, Nikola` as a manual Superbet search path for Bartunkova, Nikola vs Krejcikova, Barbora; promotion remains quote-review-only until the operator confirms the exact visible line and odds.","Independent lineup, injury, and referee feeds were not preserved in the upstream artifact set.; The Odds API provenance is auditable but still not event-specific raw bookmaker capture strength.",LOW,tennis_bartunkova_nikola_vs_krejcikova_barbora_2026_07_03t131000_0000; result,MEDIUM,Analysis is evidence-led and price only gates EV/stake/final coupon.,"Human-entered Superbet market, exact line, decimal odds, timestamp, and correlation gate result."
87,TOP_PARTIALLY_PRICED_ANALYTICAL_CANDIDATES,candidate,cand_065_tennis_bencic_belinda_vs_kalinskaya_anna_2026_07_03t100000_0000_result,tennis,"WTA - Wimbledon, London, Great Britain, Qualifying","Bencic, Belinda vs Kalinskaya, Anna",result,"Match winner - Bencic, Belinda :: Bencic, Belinda",NO_NUMERIC_LINE_REQUIRED,PARTIALLY_PRICED_ANALYTICAL,PARTIALLY_PRICED,MEDIUM,MEDIUM,"Use `Match winner - Bencic, Belinda` as a manual Superbet search path for Bencic, Belinda vs Kalinskaya, Anna; promotion remains quote-review-only until the operator confirms the exact visible line and odds.","Independent lineup, injury, and referee feeds were not preserved in the upstream artifact set.; The Odds API provenance is auditable but still not event-specific raw bookmaker capture strength.",LOW,tennis_bencic_belinda_vs_kalinskaya_anna_2026_07_03t100000_0000; result,MEDIUM,Analysis is evidence-led and price only gates EV/stake/final coupon.,"Human-entered Superbet market, exact line, decimal odds, timestamp, and correlation gate result."
88,TOP_PARTIALLY_PRICED_ANALYTICAL_CANDIDATES,candidate,cand_051_tennis_davidovich_fokina_alejandro_vs_fucsovics_marton_2026_07_03t124000_0000_result,tennis,"ATP - Wimbledon, London, GB, Qualifying, 1st - 2nd Round","Davidovich Fokina, Alejandro vs Fucsovics, Marton",result,"Match winner - Davidovich Fokina, Alejandro :: Davidovich Fokina, Alejandro",NO_NUMERIC_LINE_REQUIRED,PARTIALLY_PRICED_ANALYTICAL,PARTIALLY_PRICED,MEDIUM,MEDIUM,"Use `Match winner - Davidovich Fokina, Alejandro` as a manual Superbet search path for Davidovich Fokina, Alejandro vs Fucsovics, Marton; promotion remains quote-review-only until the operator confirms the exact visible line and odds.","Independent lineup, injury, and referee feeds were not preserved in the upstream artifact set.; The Odds API provenance is auditable but still not event-specific raw bookmaker capture strength.",LOW,tennis_davidovich_fokina_alejandro_vs_fucsovics_marton_2026_07_03t124000_0000; result,MEDIUM,Analysis is evidence-led and price only gates EV/stake/final coupon.,"Human-entered Superbet market, exact line, decimal odds, timestamp, and correlation gate result."
89,TOP_PARTIALLY_PRICED_ANALYTICAL_CANDIDATES,candidate,cand_067_tennis_hurkacz_hubert_vs_paul_tommy_2026_07_03t125000_0000_result,tennis,"ATP - Wimbledon, London, GB, Qualifying, 1st - 2nd Round","Hurkacz, Hubert vs Paul, Tommy",result,"Match winner - Hurkacz, Hubert :: Hurkacz, Hubert",NO_NUMERIC_LINE_REQUIRED,PARTIALLY_PRICED_ANALYTICAL,PARTIALLY_PRICED,MEDIUM,MEDIUM,"Use `Match winner - Hurkacz, Hubert` as a manual Superbet search path for Hurkacz, Hubert vs Paul, Tommy; promotion remains quote-review-only until the operator confirms the exact visible line and odds.","Independent lineup, injury, and referee feeds were not preserved in the upstream artifact set.; The Odds API provenance is auditable but still not event-specific raw bookmaker capture strength.",LOW,tennis_hurkacz_hubert_vs_paul_tommy_2026_07_03t125000_0000; result,MEDIUM,Analysis is evidence-led and price only gates EV/stake/final coupon.,"Human-entered Superbet market, exact line, decimal odds, timestamp, and correlation gate result."
90,TOP_PARTIALLY_PRICED_ANALYTICAL_CANDIDATES,candidate,cand_049_tennis_jodar_rafael_vs_mochizuki_shintaro_2026_07_03t113000_0000_result,tennis,"ATP - Wimbledon, London, GB, Qualifying, 1st - 2nd Round","Jodar, Rafael vs Mochizuki, Shintaro",result,"Match winner - Jodar, Rafael :: Jodar, Rafael",NO_NUMERIC_LINE_REQUIRED,PARTIALLY_PRICED_ANALYTICAL,PARTIALLY_PRICED,MEDIUM,MEDIUM,"Use `Match winner - Jodar, Rafael` as a manual Superbet search path for Jodar, Rafael vs Mochizuki, Shintaro; promotion remains quote-review-only until the operator confirms the exact visible line and odds.","Independent lineup, injury, and referee feeds were not preserved in the upstream artifact set.; The Odds API provenance is auditable but still not event-specific raw bookmaker capture strength.",LOW,tennis_jodar_rafael_vs_mochizuki_shintaro_2026_07_03t113000_0000; result,MEDIUM,Analysis is evidence-led and price only gates EV/stake/final coupon.,"Human-entered Superbet market, exact line, decimal odds, timestamp, and correlation gate result."
91,TOP_PARTIALLY_PRICED_ANALYTICAL_CANDIDATES,candidate,cand_043_tennis_kasatkina_daria_vs_osaka_naomi_2026_07_03t120000_0000_result,tennis,"WTA - Wimbledon, London, Great Britain, Qualifying","Kasatkina, Daria vs Osaka, Naomi",result,"Match winner - Kasatkina, Daria :: Kasatkina, Daria",NO_NUMERIC_LINE_REQUIRED,PARTIALLY_PRICED_ANALYTICAL,PARTIALLY_PRICED,MEDIUM,MEDIUM,"Use `Match winner - Kasatkina, Daria` as a manual Superbet search path for Kasatkina, Daria vs Osaka, Naomi; promotion remains quote-review-only until the operator confirms the exact visible line and odds.","Independent lineup, injury, and referee feeds were not preserved in the upstream artifact set.; The Odds API provenance is auditable but still not event-specific raw bookmaker capture strength.",LOW,tennis_kasatkina_daria_vs_osaka_naomi_2026_07_03t120000_0000; result,MEDIUM,Analysis is evidence-led and price only gates EV/stake/final coupon.,"Human-entered Superbet market, exact line, decimal odds, timestamp, and correlation gate result."
92,TOP_PARTIALLY_PRICED_ANALYTICAL_CANDIDATES,candidate,cand_047_tennis_liu_claire_vs_gauff_coco_2026_07_03t145000_0000_result,tennis,"WTA - Wimbledon, London, Great Britain, Qualifying","Liu, Claire vs Gauff, Coco",result,"Match winner - Liu, Claire :: Liu, Claire",NO_NUMERIC_LINE_REQUIRED,PARTIALLY_PRICED_ANALYTICAL,PARTIALLY_PRICED,MEDIUM,MEDIUM,"Use `Match winner - Liu, Claire` as a manual Superbet search path for Liu, Claire vs Gauff, Coco; promotion remains quote-review-only until the operator confirms the exact visible line and odds.","Independent lineup, injury, and referee feeds were not preserved in the upstream artifact set.; The Odds API provenance is auditable but still not event-specific raw bookmaker capture strength.",LOW,tennis_liu_claire_vs_gauff_coco_2026_07_03t145000_0000; result,MEDIUM,Analysis is evidence-led and price only gates EV/stake/final coupon.,"Human-entered Superbet market, exact line, decimal odds, timestamp, and correlation gate result."
93,TOP_PARTIALLY_PRICED_ANALYTICAL_CANDIDATES,candidate,cand_057_tennis_muchova_karolina_vs_sawangkaew_mananchaya_2026_07_03t131000_0000_result,tennis,"WTA - Wimbledon, London, Great Britain, Qualifying","Muchova, Karolina vs Sawangkaew, Mananchaya",result,"Match winner - Muchova, Karolina :: Muchova, Karolina",NO_NUMERIC_LINE_REQUIRED,PARTIALLY_PRICED_ANALYTICAL,PARTIALLY_PRICED,MEDIUM,MEDIUM,"Use `Match winner - Muchova, Karolina` as a manual Superbet search path for Muchova, Karolina vs Sawangkaew, Mananchaya; promotion remains quote-review-only until the operator confirms the exact visible line and odds.","Independent lineup, injury, and referee feeds were not preserved in the upstream artifact set.; The Odds API provenance is auditable but still not event-specific raw bookmaker capture strength.",LOW,tennis_muchova_karolina_vs_sawangkaew_mananchaya_2026_07_03t131000_0000; result,MEDIUM,Analysis is evidence-led and price only gates EV/stake/final coupon.,"Human-entered Superbet market, exact line, decimal odds, timestamp, and correlation gate result."
94,TOP_PARTIALLY_PRICED_ANALYTICAL_CANDIDATES,candidate,cand_055_tennis_pegula_jessica_vs_bouzas_maneiro_jessica_2026_07_03t114000_0000_result,tennis,"WTA - Wimbledon, London, Great Britain, Qualifying","Pegula, Jessica vs Bouzas Maneiro, Jessica",result,"Match winner - Pegula, Jessica :: Pegula, Jessica",NO_NUMERIC_LINE_REQUIRED,PARTIALLY_PRICED_ANALYTICAL,PARTIALLY_PRICED,MEDIUM,MEDIUM,"Use `Match winner - Pegula, Jessica` as a manual Superbet search path for Pegula, Jessica vs Bouzas Maneiro, Jessica; promotion remains quote-review-only until the operator confirms the exact visible line and odds.","Independent lineup, injury, and referee feeds were not preserved in the upstream artifact set.; The Odds API provenance is auditable but still not event-specific raw bookmaker capture strength.",LOW,tennis_pegula_jessica_vs_bouzas_maneiro_jessica_2026_07_03t114000_0000; result,MEDIUM,Analysis is evidence-led and price only gates EV/stake/final coupon.,"Human-entered Superbet market, exact line, decimal odds, timestamp, and correlation gate result."
95,TOP_PARTIALLY_PRICED_ANALYTICAL_CANDIDATES,candidate,cand_063_tennis_rinderknech_arthur_vs_djokovic_novak_2026_07_03t123000_0000_result,tennis,"ATP - Wimbledon, London, GB, Qualifying, 1st - 2nd Round","Rinderknech, Arthur vs Djokovic, Novak",result,"Match winner - Rinderknech, Arthur :: Rinderknech, Arthur",NO_NUMERIC_LINE_REQUIRED,PARTIALLY_PRICED_ANALYTICAL,PARTIALLY_PRICED,MEDIUM,MEDIUM,"Use `Match winner - Rinderknech, Arthur` as a manual Superbet search path for Rinderknech, Arthur vs Djokovic, Novak; promotion remains quote-review-only until the operator confirms the exact visible line and odds.","Independent lineup, injury, and referee feeds were not preserved in the upstream artifact set.; The Odds API provenance is auditable but still not event-specific raw bookmaker capture strength.",LOW,tennis_rinderknech_arthur_vs_djokovic_novak_2026_07_03t123000_0000; result,MEDIUM,Analysis is evidence-led and price only gates EV/stake/final coupon.,"Human-entered Superbet market, exact line, decimal odds, timestamp, and correlation gate result."
96,TOP_PARTIALLY_PRICED_ANALYTICAL_CANDIDATES,candidate,cand_059_tennis_sabalenka_aryna_vs_ostapenko_jelena_2026_07_03t141000_0000_result,tennis,"WTA - Wimbledon, London, Great Britain, Qualifying","Sabalenka, Aryna vs Ostapenko, Jelena",result,"Match winner - Sabalenka, Aryna :: Sabalenka, Aryna",NO_NUMERIC_LINE_REQUIRED,PARTIALLY_PRICED_ANALYTICAL,PARTIALLY_PRICED,MEDIUM,MEDIUM,"Use `Match winner - Sabalenka, Aryna` as a manual Superbet search path for Sabalenka, Aryna vs Ostapenko, Jelena; promotion remains quote-review-only until the operator confirms the exact visible line and odds.","Independent lineup, injury, and referee feeds were not preserved in the upstream artifact set.; The Odds API provenance is auditable but still not event-specific raw bookmaker capture strength.",LOW,tennis_sabalenka_aryna_vs_ostapenko_jelena_2026_07_03t141000_0000; result,MEDIUM,Analysis is evidence-led and price only gates EV/stake/final coupon.,"Human-entered Superbet market, exact line, decimal odds, timestamp, and correlation gate result."
97,TOP_PARTIALLY_PRICED_ANALYTICAL_CANDIDATES,candidate,cand_039_tennis_safiullin_roman_vs_fonseca_joao_2026_07_03t100000_0000_result,tennis,"ATP - Wimbledon, London, GB, Qualifying, 1st - 2nd Round","Safiullin, Roman vs Fonseca, Joao",result,"Match winner - Safiullin, Roman :: Safiullin, Roman",NO_NUMERIC_LINE_REQUIRED,PARTIALLY_PRICED_ANALYTICAL,PARTIALLY_PRICED,MEDIUM,MEDIUM,"Use `Match winner - Safiullin, Roman` as a manual Superbet search path for Safiullin, Roman vs Fonseca, Joao; promotion remains quote-review-only until the operator confirms the exact visible line and odds.","Independent lineup, injury, and referee feeds were not preserved in the upstream artifact set.; The Odds API provenance is auditable but still not event-specific raw bookmaker capture strength.",LOW,tennis_safiullin_roman_vs_fonseca_joao_2026_07_03t100000_0000; result,MEDIUM,Analysis is evidence-led and price only gates EV/stake/final coupon.,"Human-entered Superbet market, exact line, decimal odds, timestamp, and correlation gate result."
98,TOP_PARTIALLY_PRICED_ANALYTICAL_CANDIDATES,candidate,cand_053_tennis_sinner_jannik_vs_brooksby_jenson_2026_07_03t131000_0000_result,tennis,"ATP - Wimbledon, London, GB, Qualifying, 1st - 2nd Round","Sinner, Jannik vs Brooksby, Jenson",result,"Match winner - Sinner, Jannik :: Sinner, Jannik",NO_NUMERIC_LINE_REQUIRED,PARTIALLY_PRICED_ANALYTICAL,PARTIALLY_PRICED,MEDIUM,MEDIUM,"Use `Match winner - Sinner, Jannik` as a manual Superbet search path for Sinner, Jannik vs Brooksby, Jenson; promotion remains quote-review-only until the operator confirms the exact visible line and odds.","Independent lineup, injury, and referee feeds were not preserved in the upstream artifact set.; The Odds API provenance is auditable but still not event-specific raw bookmaker capture strength.",LOW,tennis_sinner_jannik_vs_brooksby_jenson_2026_07_03t131000_0000; result,MEDIUM,Analysis is evidence-led and price only gates EV/stake/final coupon.,"Human-entered Superbet market, exact line, decimal odds, timestamp, and correlation gate result."
99,TOP_PARTIALLY_PRICED_ANALYTICAL_CANDIDATES,candidate,cand_061_tennis_struff_jan_lennard_vs_medvedev_daniil_2026_07_03t113000_0000_result,tennis,"ATP - Wimbledon, London, GB, Qualifying, 1st - 2nd Round","Struff, Jan-Lennard vs Medvedev, Daniil",result,"Match winner - Struff, Jan-Lennard :: Struff, Jan-Lennard",NO_NUMERIC_LINE_REQUIRED,PARTIALLY_PRICED_ANALYTICAL,PARTIALLY_PRICED,MEDIUM,MEDIUM,"Use `Match winner - Struff, Jan-Lennard` as a manual Superbet search path for Struff, Jan-Lennard vs Medvedev, Daniil; promotion remains quote-review-only until the operator confirms the exact visible line and odds.","Independent lineup, injury, and referee feeds were not preserved in the upstream artifact set.; The Odds API provenance is auditable but still not event-specific raw bookmaker capture strength.",LOW,tennis_struff_jan_lennard_vs_medvedev_daniil_2026_07_03t113000_0000; result,MEDIUM,Analysis is evidence-led and price only gates EV/stake/final coupon.,"Human-entered Superbet market, exact line, decimal odds, timestamp, and correlation gate result."
100,TOP_PARTIALLY_PRICED_ANALYTICAL_CANDIDATES,candidate,cand_099_valorant_fokus_vs_joblife_2026_07_03t150000_0000_result,valorant,EMEA: Stage 3,FOKUS vs Joblife,result,Match winner - FOKUS :: FOKUS,NO_NUMERIC_LINE_REQUIRED,PARTIALLY_PRICED_ANALYTICAL,PARTIALLY_PRICED,MEDIUM,MEDIUM,Use `Match winner - FOKUS` as a manual Superbet search path for FOKUS vs Joblife; promotion remains quote-review-only until the operator confirms the exact visible line and odds.,"Independent lineup, injury, and referee feeds were not preserved in the upstream artifact set.; The Odds API provenance is auditable but still not event-specific raw bookmaker capture strength.",LOW,valorant_fokus_vs_joblife_2026_07_03t150000_0000; result,MEDIUM,Analysis is evidence-led and price only gates EV/stake/final coupon.,"Human-entered Superbet market, exact line, decimal odds, timestamp, and correlation gate result."
101,TOP_PARTIALLY_PRICED_ANALYTICAL_CANDIDATES,candidate,cand_092_valorant_g2_esports_vs_nongshim_redforce_2026_07_03t134500_0000_result,valorant,Esports World Cup,G2 Esports vs Nongshim RedForce,result,Match winner - G2 Esports :: G2 Esports,NO_NUMERIC_LINE_REQUIRED,PARTIALLY_PRICED_ANALYTICAL,PARTIALLY_PRICED,MEDIUM,MEDIUM,Use `Match winner - G2 Esports` as a manual Superbet search path for G2 Esports vs Nongshim RedForce; promotion remains quote-review-only until the operator confirms the exact visible line and odds.,"Independent lineup, injury, and referee feeds were not preserved in the upstream artifact set.; The Odds API provenance is auditable but still not event-specific raw bookmaker capture strength.",LOW,valorant_g2_esports_vs_nongshim_redforce_2026_07_03t134500_0000; result,MEDIUM,Analysis is evidence-led and price only gates EV/stake/final coupon.,"Human-entered Superbet market, exact line, decimal odds, timestamp, and correlation gate result."
102,TOP_PARTIALLY_PRICED_ANALYTICAL_CANDIDATES,candidate,cand_094_valorant_mibr_los_vs_global_esports_2026_07_03t110000_0000_result,valorant,Esports World Cup,MIBR LOS vs Global Esports,result,Match winner - MIBR LOS :: MIBR LOS,NO_NUMERIC_LINE_REQUIRED,PARTIALLY_PRICED_ANALYTICAL,PARTIALLY_PRICED,MEDIUM,MEDIUM,Use `Match winner - MIBR LOS` as a manual Superbet search path for MIBR LOS vs Global Esports; promotion remains quote-review-only until the operator confirms the exact visible line and odds.,"Independent lineup, injury, and referee feeds were not preserved in the upstream artifact set.; The Odds API provenance is auditable but still not event-specific raw bookmaker capture strength.",LOW,valorant_mibr_los_vs_global_esports_2026_07_03t110000_0000; result,MEDIUM,Analysis is evidence-led and price only gates EV/stake/final coupon.,"Human-entered Superbet market, exact line, decimal odds, timestamp, and correlation gate result."
103,TOP_PARTIALLY_PRICED_ANALYTICAL_CANDIDATES,candidate,cand_100_valorant_sad_esports_vs_nrg_academy_2026_07_03t200000_0000_result,valorant,North America: Stage 3,SaD Esports vs NRG Academy,result,Match winner - SaD Esports :: SaD Esports,NO_NUMERIC_LINE_REQUIRED,PARTIALLY_PRICED_ANALYTICAL,PARTIALLY_PRICED,MEDIUM,MEDIUM,Use `Match winner - SaD Esports` as a manual Superbet search path for SaD Esports vs NRG Academy; promotion remains quote-review-only until the operator confirms the exact visible line and odds.,"Independent lineup, injury, and referee feeds were not preserved in the upstream artifact set.; The Odds API provenance is auditable but still not event-specific raw bookmaker capture strength.",LOW,valorant_sad_esports_vs_nrg_academy_2026_07_03t200000_0000; result,MEDIUM,Analysis is evidence-led and price only gates EV/stake/final coupon.,"Human-entered Superbet market, exact line, decimal odds, timestamp, and correlation gate result."
104,TOP_PARTIALLY_PRICED_ANALYTICAL_CANDIDATES,candidate,cand_098_valorant_shopify_rebellion_black_vs_evil_geniuses_academy_2026_07_03t230000_0000_result,valorant,North America: Stage 3,Shopify Rebellion Black vs Evil Geniuses Academy,result,Match winner - Shopify Rebellion Black :: Shopify Rebellion Black,NO_NUMERIC_LINE_REQUIRED,PARTIALLY_PRICED_ANALYTICAL,PARTIALLY_PRICED,MEDIUM,MEDIUM,Use `Match winner - Shopify Rebellion Black` as a manual Superbet search path for Shopify Rebellion Black vs Evil Geniuses Academy; promotion remains quote-review-only until the operator confirms the exact visible line and odds.,"Independent lineup, injury, and referee feeds were not preserved in the upstream artifact set.; The Odds API provenance is auditable but still not event-specific raw bookmaker capture strength.",LOW,valorant_shopify_rebellion_black_vs_evil_geniuses_academy_2026_07_03t230000_0000; result,MEDIUM,Analysis is evidence-led and price only gates EV/stake/final coupon.,"Human-entered Superbet market, exact line, decimal odds, timestamp, and correlation gate result."
105,TOP_PARTIALLY_PRICED_ANALYTICAL_CANDIDATES,candidate,cand_096_valorant_team_heretics_vs_ag_al_international_2026_07_03t110000_0000_result,valorant,Esports World Cup,Team Heretics vs AG.AL International,result,Match winner - Team Heretics :: Team Heretics,NO_NUMERIC_LINE_REQUIRED,PARTIALLY_PRICED_ANALYTICAL,PARTIALLY_PRICED,MEDIUM,MEDIUM,Use `Match winner - Team Heretics` as a manual Superbet search path for Team Heretics vs AG.AL International; promotion remains quote-review-only until the operator confirms the exact visible line and odds.,"Independent lineup, injury, and referee feeds were not preserved in the upstream artifact set.; The Odds API provenance is auditable but still not event-specific raw bookmaker capture strength.",LOW,valorant_team_heretics_vs_ag_al_international_2026_07_03t110000_0000; result,MEDIUM,Analysis is evidence-led and price only gates EV/stake/final coupon.,"Human-entered Superbet market, exact line, decimal odds, timestamp, and correlation gate result."
1,TOP_BET_BUILDER_CONCEPT_INPUTS,concept,concept_football_australia_vs_egypt_2026_07_03t180000_0000,football,International - FIFA World Cup,Australia vs Egypt,CORNERS_CARDS_GOALS,Australia + hdp,NO_NUMERIC_LINE_REQUIRED + 2,OPERATOR_QUOTE_REQUIRED_FOR_BETTABLE,OPERATOR_SCREEN_ONLY,MEDIUM,MEDIUM,Same-event review group combines a line-free anchor with one operator-line-required derivative leg.,A low-event-pace match can break the derivative leg even when the result leg survives.,HIGH,corners; football_australia_vs_egypt_2026_07_03t180000_0000; result,HIGH,Scenario fit and leg correlation are analytically useful before any combined operator quote.,Visible Superbet Bet Builder combined odds plus exact operator leg lines.
2,TOP_BET_BUILDER_CONCEPT_INPUTS,concept,concept_football_argentina_vs_cape_verde_2026_07_03t220000_0000,football,International - FIFA World Cup,Argentina vs Cape Verde,CORNERS_CARDS_GOALS,Argentina + hdp,NO_NUMERIC_LINE_REQUIRED + 2,OPERATOR_QUOTE_REQUIRED_FOR_BETTABLE,OPERATOR_SCREEN_ONLY,MEDIUM,MEDIUM,Same-event review group combines a line-free anchor with one operator-line-required derivative leg.,A low-event-pace match can break the derivative leg even when the result leg survives.,HIGH,corners; football_argentina_vs_cape_verde_2026_07_03t220000_0000; result,HIGH,Scenario fit and leg correlation are analytically useful before any combined operator quote.,Visible Superbet Bet Builder combined odds plus exact operator leg lines.
3,TOP_BET_BUILDER_CONCEPT_INPUTS,concept,concept_football_sligo_rovers_vs_shamrock_2026_07_03t184500_0000,football,Ireland - Premier Division,Sligo Rovers vs Shamrock,CORNERS_CARDS_GOALS,Sligo Rovers + hdp,NO_NUMERIC_LINE_REQUIRED + 2,OPERATOR_QUOTE_REQUIRED_FOR_BETTABLE,OPERATOR_SCREEN_ONLY,MEDIUM,MEDIUM,Same-event review group combines a line-free anchor with one operator-line-required derivative leg.,A low-event-pace match can break the derivative leg even when the result leg survives.,HIGH,corners; football_sligo_rovers_vs_shamrock_2026_07_03t184500_0000; result,HIGH,Scenario fit and leg correlation are analytically useful before any combined operator quote.,Visible Superbet Bet Builder combined odds plus exact operator leg lines.
4,TOP_BET_BUILDER_CONCEPT_INPUTS,concept,concept_football_yunnan_yukun_vs_henan_2026_07_03t120000_0000,football,China - Chinese Super League,Yunnan Yukun vs Henan,CORNERS_CARDS_GOALS,Yunnan Yukun + hdp,NO_NUMERIC_LINE_REQUIRED + 2,OPERATOR_QUOTE_REQUIRED_FOR_BETTABLE,OPERATOR_SCREEN_ONLY,MEDIUM,MEDIUM,Same-event review group combines a line-free anchor with one operator-line-required derivative leg.,A low-event-pace match can break the derivative leg even when the result leg survives.,HIGH,corners; football_yunnan_yukun_vs_henan_2026_07_03t120000_0000; result,HIGH,Scenario fit and leg correlation are analytically useful before any combined operator quote.,Visible Superbet Bet Builder combined odds plus exact operator leg lines.
5,TOP_BET_BUILDER_CONCEPT_INPUTS,concept,concept_football_drogheda_united_vs_bohemians_d_2026_07_03t184500_0000,football,Ireland - Premier Division,Drogheda United vs Bohemians D.,CORNERS_CARDS_GOALS,Drogheda United + hdp,NO_NUMERIC_LINE_REQUIRED + 2,OPERATOR_QUOTE_REQUIRED_FOR_BETTABLE,OPERATOR_SCREEN_ONLY,MEDIUM,MEDIUM,Same-event review group combines a line-free anchor with one operator-line-required derivative leg.,A low-event-pace match can break the derivative leg even when the result leg survives.,HIGH,corners; football_drogheda_united_vs_bohemians_d_2026_07_03t184500_0000; result,HIGH,Scenario fit and leg correlation are analytically useful before any combined operator quote.,Visible Superbet Bet Builder combined odds plus exact operator leg lines.
6,TOP_BET_BUILDER_CONCEPT_INPUTS,concept,concept_football_sirius_vs_mjallby_2026_07_03t170000_0000,football,Sweden - Allsvenskan,Sirius vs Mjallby,CORNERS_CARDS_GOALS,Sirius + hdp,NO_NUMERIC_LINE_REQUIRED + 2,OPERATOR_QUOTE_REQUIRED_FOR_BETTABLE,OPERATOR_SCREEN_ONLY,MEDIUM,MEDIUM,Same-event review group combines a line-free anchor with one operator-line-required derivative leg.,A low-event-pace match can break the derivative leg even when the result leg survives.,HIGH,corners; football_sirius_vs_mjallby_2026_07_03t170000_0000; result,HIGH,Scenario fit and leg correlation are analytically useful before any combined operator quote.,Visible Superbet Bet Builder combined odds plus exact operator leg lines.
7,TOP_BET_BUILDER_CONCEPT_INPUTS,concept,concept_football_st_patrick_s_vs_galway_utd_2026_07_03t184500_0000,football,Ireland - Premier Division,St. Patrick´s vs Galway Utd,CORNERS_CARDS_GOALS,St. Patrick´s + hdp,NO_NUMERIC_LINE_REQUIRED + 2,OPERATOR_QUOTE_REQUIRED_FOR_BETTABLE,OPERATOR_SCREEN_ONLY,MEDIUM,MEDIUM,Same-event review group combines a line-free anchor with one operator-line-required derivative leg.,A low-event-pace match can break the derivative leg even when the result leg survives.,HIGH,corners; football_st_patrick_s_vs_galway_utd_2026_07_03t184500_0000; result,HIGH,Scenario fit and leg correlation are analytically useful before any combined operator quote.,Visible Superbet Bet Builder combined odds plus exact operator leg lines.
8,TOP_BET_BUILDER_CONCEPT_INPUTS,concept,concept_football_shelbourne_vs_dundalk_2026_07_03t190000_0000,football,Ireland - Premier Division,Shelbourne vs Dundalk,CORNERS_CARDS_GOALS,Shelbourne + hdp,NO_NUMERIC_LINE_REQUIRED + 2,OPERATOR_QUOTE_REQUIRED_FOR_BETTABLE,OPERATOR_SCREEN_ONLY,MEDIUM,MEDIUM,Same-event review group combines a line-free anchor with one operator-line-required derivative leg.,A low-event-pace match can break the derivative leg even when the result leg survives.,HIGH,corners; football_shelbourne_vs_dundalk_2026_07_03t190000_0000; result,HIGH,Scenario fit and leg correlation are analytically useful before any combined operator quote.,Visible Superbet Bet Builder combined odds plus exact operator leg lines.
9,TOP_BET_BUILDER_CONCEPT_INPUTS,concept,concept_football_derry_city_vs_waterford_2026_07_03t184500_0000,football,Ireland - Premier Division,Derry City vs Waterford,CORNERS_CARDS_GOALS,Derry City + hdp,NO_NUMERIC_LINE_REQUIRED + 2,OPERATOR_QUOTE_REQUIRED_FOR_BETTABLE,OPERATOR_SCREEN_ONLY,MEDIUM,MEDIUM,Same-event review group combines a line-free anchor with one operator-line-required derivative leg.,A low-event-pace match can break the derivative leg even when the result leg survives.,HIGH,corners; football_derry_city_vs_waterford_2026_07_03t184500_0000; result,HIGH,Scenario fit and leg correlation are analytically useful before any combined operator quote.,Visible Superbet Bet Builder combined odds plus exact operator leg lines.
10,TOP_BET_BUILDER_CONCEPT_INPUTS,concept,concept_football_hafnarfjordur_vs_stjarnan_2026_07_03t191500_0000,football,Iceland - Efsta deild,Hafnarfjordur vs Stjarnan,CORNERS_CARDS_GOALS,Hafnarfjordur + hdp,NO_NUMERIC_LINE_REQUIRED + 1,OPERATOR_QUOTE_REQUIRED_FOR_BETTABLE,OPERATOR_SCREEN_ONLY,MEDIUM,MEDIUM,Same-event review group combines a line-free anchor with one operator-line-required derivative leg.,A low-event-pace match can break the derivative leg even when the result leg survives.,HIGH,football_hafnarfjordur_vs_stjarnan_2026_07_03t191500_0000; goals_totals; result,HIGH,Scenario fit and leg correlation are analytically useful before any combined operator quote.,Visible Superbet Bet Builder combined odds plus exact operator leg lines.
11,TOP_BET_BUILDER_CONCEPT_INPUTS,concept,concept_football_wolves_vs_rochedale_2026_07_03t093000_0000,football,Australia - Queensland NPL,Wolves vs Rochedale,CORNERS_CARDS_GOALS,Wolves + hdp,NO_NUMERIC_LINE_REQUIRED + 1,OPERATOR_QUOTE_REQUIRED_FOR_BETTABLE,OPERATOR_SCREEN_ONLY,MEDIUM,MEDIUM,Same-event review group combines a line-free anchor with one operator-line-required derivative leg.,A low-event-pace match can break the derivative leg even when the result leg survives.,HIGH,football_wolves_vs_rochedale_2026_07_03t093000_0000; goals_totals; result,HIGH,Scenario fit and leg correlation are analytically useful before any combined operator quote.,Visible Superbet Bet Builder combined odds plus exact operator leg lines.
12,TOP_BET_BUILDER_CONCEPT_INPUTS,concept,concept_football_comets_vs_croydon_2026_07_03t110000_0000,football,Australia - South Australia NPL,Comets vs Croydon,CORNERS_CARDS_GOALS,Comets + hdp,NO_NUMERIC_LINE_REQUIRED + 2,OPERATOR_QUOTE_REQUIRED_FOR_BETTABLE,OPERATOR_SCREEN_ONLY,MEDIUM,MEDIUM,Same-event review group combines a line-free anchor with one operator-line-required derivative leg.,A low-event-pace match can break the derivative leg even when the result leg survives.,HIGH,corners; football_comets_vs_croydon_2026_07_03t110000_0000; result,HIGH,Scenario fit and leg correlation are analytically useful before any combined operator quote.,Visible Superbet Bet Builder combined odds plus exact operator leg lines.
13,TOP_BET_BUILDER_CONCEPT_INPUTS,concept,concept_football_green_gully_vs_bentleigh_2026_07_03t093000_0000,football,Australia - Victoria NPL,Green Gully vs Bentleigh,CORNERS_CARDS_GOALS,Green Gully + hdp,NO_NUMERIC_LINE_REQUIRED + 2,OPERATOR_QUOTE_REQUIRED_FOR_BETTABLE,OPERATOR_SCREEN_ONLY,MEDIUM,MEDIUM,Same-event review group combines a line-free anchor with one operator-line-required derivative leg.,A low-event-pace match can break the derivative leg even when the result leg survives.,HIGH,corners; football_green_gully_vs_bentleigh_2026_07_03t093000_0000; result,HIGH,Scenario fit and leg correlation are analytically useful before any combined operator quote.,Visible Superbet Bet Builder combined odds plus exact operator leg lines.
14,TOP_BET_BUILDER_CONCEPT_INPUTS,concept,concept_football_nomme_united_vs_nomme_united_2026_07_03t160000_0000,football,Estonia - Premium Liiga,Nomme United vs Nomme United,CORNERS_CARDS_GOALS,Nomme United + hdp,NO_NUMERIC_LINE_REQUIRED + 2,OPERATOR_QUOTE_REQUIRED_FOR_BETTABLE,OPERATOR_SCREEN_ONLY,MEDIUM,MEDIUM,Same-event review group combines a line-free anchor with one operator-line-required derivative leg.,A low-event-pace match can break the derivative leg even when the result leg survives.,HIGH,corners; football_nomme_united_vs_nomme_united_2026_07_03t160000_0000; result,HIGH,Scenario fit and leg correlation are analytically useful before any combined operator quote.,Visible Superbet Bet Builder combined odds plus exact operator leg lines.
15,TOP_BET_BUILDER_CONCEPT_INPUTS,concept,concept_football_heidelberg_united_vs_st_albans_saints_dinamo_2026_07_03t093000_0000,football,Australia - Victoria NPL,Heidelberg United vs ST Albans Saints Dinamo,CORNERS_CARDS_GOALS,Heidelberg United + hdp,NO_NUMERIC_LINE_REQUIRED + 2,OPERATOR_QUOTE_REQUIRED_FOR_BETTABLE,OPERATOR_SCREEN_ONLY,MEDIUM,MEDIUM,Same-event review group combines a line-free anchor with one operator-line-required derivative leg.,A low-event-pace match can break the derivative leg even when the result leg survives.,HIGH,corners; football_heidelberg_united_vs_st_albans_saints_dinamo_2026_07_03t093000_0000; result,HIGH,Scenario fit and leg correlation are analytically useful before any combined operator quote.,Visible Superbet Bet Builder combined odds plus exact operator leg lines.
16,TOP_BET_BUILDER_CONCEPT_INPUTS,concept,concept_football_ir_reykjavik_vs_afturelding_2026_07_03t191500_0000,football,Iceland - 1 deild,IR Reykjavik vs Afturelding,CORNERS_CARDS_GOALS,IR Reykjavik + hdp,NO_NUMERIC_LINE_REQUIRED + 1,OPERATOR_QUOTE_REQUIRED_FOR_BETTABLE,OPERATOR_SCREEN_ONLY,MEDIUM,MEDIUM,Same-event review group combines a line-free anchor with one operator-line-required derivative leg.,A low-event-pace match can break the derivative leg even when the result leg survives.,HIGH,football_ir_reykjavik_vs_afturelding_2026_07_03t191500_0000; goals_totals; result,HIGH,Scenario fit and leg correlation are analytically useful before any combined operator quote.,Visible Superbet Bet Builder combined odds plus exact operator leg lines.
17,TOP_BET_BUILDER_CONCEPT_INPUTS,concept,concept_football_bray_wanderers_vs_athlone_town_2026_07_03t184500_0000,football,Ireland - First Division,Bray Wanderers vs Athlone Town,CORNERS_CARDS_GOALS,Bray Wanderers + hdp,NO_NUMERIC_LINE_REQUIRED + 2,OPERATOR_QUOTE_REQUIRED_FOR_BETTABLE,OPERATOR_SCREEN_ONLY,MEDIUM,MEDIUM,Same-event review group combines a line-free anchor with one operator-line-required derivative leg.,A low-event-pace match can break the derivative leg even when the result leg survives.,HIGH,corners; football_bray_wanderers_vs_athlone_town_2026_07_03t184500_0000; result,HIGH,Scenario fit and leg correlation are analytically useful before any combined operator quote.,Visible Superbet Bet Builder combined odds plus exact operator leg lines.
18,TOP_BET_BUILDER_CONCEPT_INPUTS,concept,concept_football_loudoun_united_fc_vs_sporting_jax_2026_07_03t233000_0000,football,"USA - USL, Championship",Loudoun United FC vs Sporting Jax,CORNERS_CARDS_GOALS,Loudoun United FC + hdp,NO_NUMERIC_LINE_REQUIRED + 2,OPERATOR_QUOTE_REQUIRED_FOR_BETTABLE,OPERATOR_SCREEN_ONLY,MEDIUM,MEDIUM,Same-event review group combines a line-free anchor with one operator-line-required derivative leg.,A low-event-pace match can break the derivative leg even when the result leg survives.,HIGH,corners; football_loudoun_united_fc_vs_sporting_jax_2026_07_03t233000_0000; result,HIGH,Scenario fit and leg correlation are analytically useful before any combined operator quote.,Visible Superbet Bet Builder combined odds plus exact operator leg lines.
19,TOP_BET_BUILDER_CONCEPT_INPUTS,concept,concept_football_japs_vs_akatemia_2026_07_03t153000_0000,football,Finland - Ykkosliiga,JaPS vs Akatemia,CORNERS_CARDS_GOALS,JaPS + hdp,NO_NUMERIC_LINE_REQUIRED + 2,OPERATOR_QUOTE_REQUIRED_FOR_BETTABLE,OPERATOR_SCREEN_ONLY,MEDIUM,MEDIUM,Same-event review group combines a line-free anchor with one operator-line-required derivative leg.,A low-event-pace match can break the derivative leg even when the result leg survives.,HIGH,corners; football_japs_vs_akatemia_2026_07_03t153000_0000; result,HIGH,Scenario fit and leg correlation are analytically useful before any combined operator quote.,Visible Superbet Bet Builder combined odds plus exact operator leg lines.
20,TOP_BET_BUILDER_CONCEPT_INPUTS,concept,concept_tennis_safiullin_roman_vs_fonseca_joao_2026_07_03t100000_0000,tennis,"ATP - Wimbledon, London, GB, Qualifying, 1st - 2nd Round","Safiullin, Roman vs Fonseca, Joao",TENNIS_GAMES_SETS,"Safiullin, Roman + hdp",NO_NUMERIC_LINE_REQUIRED + 1,OPERATOR_QUOTE_REQUIRED_FOR_BETTABLE,OPERATOR_SCREEN_ONLY,MEDIUM,MEDIUM,Same-event review group combines a line-free anchor with one operator-line-required derivative leg.,A low-event-pace match can break the derivative leg even when the result leg survives.,HIGH,result; tennis_safiullin_roman_vs_fonseca_joao_2026_07_03t100000_0000; total_games,HIGH,Scenario fit and leg correlation are analytically useful before any combined operator quote.,Visible Superbet Bet Builder combined odds plus exact operator leg lines.
21,TOP_BET_BUILDER_CONCEPT_INPUTS,concept,concept_tennis_alexandrova_ekaterina_vs_jovic_iva_2026_07_03t113000_0000,tennis,"WTA - Wimbledon, London, Great Britain, Qualifying","Alexandrova, Ekaterina vs Jovic, Iva",TENNIS_GAMES_SETS,"Alexandrova, Ekaterina + hdp",NO_NUMERIC_LINE_REQUIRED + 1,OPERATOR_QUOTE_REQUIRED_FOR_BETTABLE,OPERATOR_SCREEN_ONLY,MEDIUM,MEDIUM,Same-event review group combines a line-free anchor with one operator-line-required derivative leg.,A low-event-pace match can break the derivative leg even when the result leg survives.,HIGH,result; tennis_alexandrova_ekaterina_vs_jovic_iva_2026_07_03t113000_0000; total_games,HIGH,Scenario fit and leg correlation are analytically useful before any combined operator quote.,Visible Superbet Bet Builder combined odds plus exact operator leg lines.
22,TOP_BET_BUILDER_CONCEPT_INPUTS,concept,concept_tennis_kasatkina_daria_vs_osaka_naomi_2026_07_03t120000_0000,tennis,"WTA - Wimbledon, London, Great Britain, Qualifying","Kasatkina, Daria vs Osaka, Naomi",TENNIS_GAMES_SETS,"Kasatkina, Daria + hdp",NO_NUMERIC_LINE_REQUIRED + 1,OPERATOR_QUOTE_REQUIRED_FOR_BETTABLE,OPERATOR_SCREEN_ONLY,MEDIUM,MEDIUM,Same-event review group combines a line-free anchor with one operator-line-required derivative leg.,A low-event-pace match can break the derivative leg even when the result leg survives.,HIGH,result; tennis_kasatkina_daria_vs_osaka_naomi_2026_07_03t120000_0000; total_games,HIGH,Scenario fit and leg correlation are analytically useful before any combined operator quote.,Visible Superbet Bet Builder combined odds plus exact operator leg lines.
23,TOP_BET_BUILDER_CONCEPT_INPUTS,concept,concept_tennis_bartunkova_nikola_vs_krejcikova_barbora_2026_07_03t131000_0000,tennis,"WTA - Wimbledon, London, Great Britain, Qualifying","Bartunkova, Nikola vs Krejcikova, Barbora",TENNIS_GAMES_SETS,"Bartunkova, Nikola + hdp",NO_NUMERIC_LINE_REQUIRED + 1,OPERATOR_QUOTE_REQUIRED_FOR_BETTABLE,OPERATOR_SCREEN_ONLY,MEDIUM,MEDIUM,Same-event review group combines a line-free anchor with one operator-line-required derivative leg.,A low-event-pace match can break the derivative leg even when the result leg survives.,HIGH,result; tennis_bartunkova_nikola_vs_krejcikova_barbora_2026_07_03t131000_0000; total_games,HIGH,Scenario fit and leg correlation are analytically useful before any combined operator quote.,Visible Superbet Bet Builder combined odds plus exact operator leg lines.
24,TOP_BET_BUILDER_CONCEPT_INPUTS,concept,concept_tennis_liu_claire_vs_gauff_coco_2026_07_03t145000_0000,tennis,"WTA - Wimbledon, London, Great Britain, Qualifying","Liu, Claire vs Gauff, Coco",TENNIS_GAMES_SETS,"Liu, Claire + hdp",NO_NUMERIC_LINE_REQUIRED + 1,OPERATOR_QUOTE_REQUIRED_FOR_BETTABLE,OPERATOR_SCREEN_ONLY,MEDIUM,MEDIUM,Same-event review group combines a line-free anchor with one operator-line-required derivative leg.,A low-event-pace match can break the derivative leg even when the result leg survives.,HIGH,result; tennis_liu_claire_vs_gauff_coco_2026_07_03t145000_0000; total_games,HIGH,Scenario fit and leg correlation are analytically useful before any combined operator quote.,Visible Superbet Bet Builder combined odds plus exact operator leg lines.
25,TOP_BET_BUILDER_CONCEPT_INPUTS,concept,concept_tennis_jodar_rafael_vs_mochizuki_shintaro_2026_07_03t113000_0000,tennis,"ATP - Wimbledon, London, GB, Qualifying, 1st - 2nd Round","Jodar, Rafael vs Mochizuki, Shintaro",TENNIS_GAMES_SETS,"Jodar, Rafael + hdp",NO_NUMERIC_LINE_REQUIRED + 1,OPERATOR_QUOTE_REQUIRED_FOR_BETTABLE,OPERATOR_SCREEN_ONLY,MEDIUM,MEDIUM,Same-event review group combines a line-free anchor with one operator-line-required derivative leg.,A low-event-pace match can break the derivative leg even when the result leg survives.,HIGH,result; tennis_jodar_rafael_vs_mochizuki_shintaro_2026_07_03t113000_0000; total_games,HIGH,Scenario fit and leg correlation are analytically useful before any combined operator quote.,Visible Superbet Bet Builder combined odds plus exact operator leg lines.
26,TOP_BET_BUILDER_CONCEPT_INPUTS,concept,concept_tennis_davidovich_fokina_alejandro_vs_fucsovics_marton_2026_07_03t124000_0000,tennis,"ATP - Wimbledon, London, GB, Qualifying, 1st - 2nd Round","Davidovich Fokina, Alejandro vs Fucsovics, Marton",TENNIS_GAMES_SETS,"Davidovich Fokina, Alejandro + hdp",NO_NUMERIC_LINE_REQUIRED + 1,OPERATOR_QUOTE_REQUIRED_FOR_BETTABLE,OPERATOR_SCREEN_ONLY,MEDIUM,MEDIUM,Same-event review group combines a line-free anchor with one operator-line-required derivative leg.,A low-event-pace match can break the derivative leg even when the result leg survives.,HIGH,result; tennis_davidovich_fokina_alejandro_vs_fucsovics_marton_2026_07_03t124000_0000; total_games,HIGH,Scenario fit and leg correlation are analytically useful before any combined operator quote.,Visible Superbet Bet Builder combined odds plus exact operator leg lines.
27,TOP_BET_BUILDER_CONCEPT_INPUTS,concept,concept_tennis_sinner_jannik_vs_brooksby_jenson_2026_07_03t131000_0000,tennis,"ATP - Wimbledon, London, GB, Qualifying, 1st - 2nd Round","Sinner, Jannik vs Brooksby, Jenson",TENNIS_GAMES_SETS,"Sinner, Jannik + hdp",NO_NUMERIC_LINE_REQUIRED + 1,OPERATOR_QUOTE_REQUIRED_FOR_BETTABLE,OPERATOR_SCREEN_ONLY,MEDIUM,MEDIUM,Same-event review group combines a line-free anchor with one operator-line-required derivative leg.,A low-event-pace match can break the derivative leg even when the result leg survives.,HIGH,result; tennis_sinner_jannik_vs_brooksby_jenson_2026_07_03t131000_0000; total_games,HIGH,Scenario fit and leg correlation are analytically useful before any combined operator quote.,Visible Superbet Bet Builder combined odds plus exact operator leg lines.
28,TOP_BET_BUILDER_CONCEPT_INPUTS,concept,concept_tennis_pegula_jessica_vs_bouzas_maneiro_jessica_2026_07_03t114000_0000,tennis,"WTA - Wimbledon, London, Great Britain, Qualifying","Pegula, Jessica vs Bouzas Maneiro, Jessica",TENNIS_GAMES_SETS,"Pegula, Jessica + hdp",NO_NUMERIC_LINE_REQUIRED + 1,OPERATOR_QUOTE_REQUIRED_FOR_BETTABLE,OPERATOR_SCREEN_ONLY,MEDIUM,MEDIUM,Same-event review group combines a line-free anchor with one operator-line-required derivative leg.,A low-event-pace match can break the derivative leg even when the result leg survives.,HIGH,result; tennis_pegula_jessica_vs_bouzas_maneiro_jessica_2026_07_03t114000_0000; total_games,HIGH,Scenario fit and leg correlation are analytically useful before any combined operator quote.,Visible Superbet Bet Builder combined odds plus exact operator leg lines.
29,TOP_BET_BUILDER_CONCEPT_INPUTS,concept,concept_tennis_muchova_karolina_vs_sawangkaew_mananchaya_2026_07_03t131000_0000,tennis,"WTA - Wimbledon, London, Great Britain, Qualifying","Muchova, Karolina vs Sawangkaew, Mananchaya",TENNIS_GAMES_SETS,"Muchova, Karolina + hdp",NO_NUMERIC_LINE_REQUIRED + 1,OPERATOR_QUOTE_REQUIRED_FOR_BETTABLE,OPERATOR_SCREEN_ONLY,MEDIUM,MEDIUM,Same-event review group combines a line-free anchor with one operator-line-required derivative leg.,A low-event-pace match can break the derivative leg even when the result leg survives.,HIGH,result; tennis_muchova_karolina_vs_sawangkaew_mananchaya_2026_07_03t131000_0000; total_games,HIGH,Scenario fit and leg correlation are analytically useful before any combined operator quote.,Visible Superbet Bet Builder combined odds plus exact operator leg lines.
30,TOP_BET_BUILDER_CONCEPT_INPUTS,concept,concept_tennis_sabalenka_aryna_vs_ostapenko_jelena_2026_07_03t141000_0000,tennis,"WTA - Wimbledon, London, Great Britain, Qualifying","Sabalenka, Aryna vs Ostapenko, Jelena",TENNIS_GAMES_SETS,"Sabalenka, Aryna + hdp",NO_NUMERIC_LINE_REQUIRED + 1,OPERATOR_QUOTE_REQUIRED_FOR_BETTABLE,OPERATOR_SCREEN_ONLY,MEDIUM,MEDIUM,Same-event review group combines a line-free anchor with one operator-line-required derivative leg.,A low-event-pace match can break the derivative leg even when the result leg survives.,HIGH,result; tennis_sabalenka_aryna_vs_ostapenko_jelena_2026_07_03t141000_0000; total_games,HIGH,Scenario fit and leg correlation are analytically useful before any combined operator quote.,Visible Superbet Bet Builder combined odds plus exact operator leg lines.
31,TOP_BET_BUILDER_CONCEPT_INPUTS,concept,concept_tennis_struff_jan_lennard_vs_medvedev_daniil_2026_07_03t113000_0000,tennis,"ATP - Wimbledon, London, GB, Qualifying, 1st - 2nd Round","Struff, Jan-Lennard vs Medvedev, Daniil",TENNIS_GAMES_SETS,"Struff, Jan-Lennard + hdp",NO_NUMERIC_LINE_REQUIRED + 1,OPERATOR_QUOTE_REQUIRED_FOR_BETTABLE,OPERATOR_SCREEN_ONLY,MEDIUM,MEDIUM,Same-event review group combines a line-free anchor with one operator-line-required derivative leg.,A low-event-pace match can break the derivative leg even when the result leg survives.,HIGH,result; tennis_struff_jan_lennard_vs_medvedev_daniil_2026_07_03t113000_0000; total_games,HIGH,Scenario fit and leg correlation are analytically useful before any combined operator quote.,Visible Superbet Bet Builder combined odds plus exact operator leg lines.
32,TOP_BET_BUILDER_CONCEPT_INPUTS,concept,concept_tennis_rinderknech_arthur_vs_djokovic_novak_2026_07_03t123000_0000,tennis,"ATP - Wimbledon, London, GB, Qualifying, 1st - 2nd Round","Rinderknech, Arthur vs Djokovic, Novak",TENNIS_GAMES_SETS,"Rinderknech, Arthur + hdp",NO_NUMERIC_LINE_REQUIRED + 1,OPERATOR_QUOTE_REQUIRED_FOR_BETTABLE,OPERATOR_SCREEN_ONLY,MEDIUM,MEDIUM,Same-event review group combines a line-free anchor with one operator-line-required derivative leg.,A low-event-pace match can break the derivative leg even when the result leg survives.,HIGH,result; tennis_rinderknech_arthur_vs_djokovic_novak_2026_07_03t123000_0000; total_games,HIGH,Scenario fit and leg correlation are analytically useful before any combined operator quote.,Visible Superbet Bet Builder combined odds plus exact operator leg lines.
33,TOP_BET_BUILDER_CONCEPT_INPUTS,concept,concept_tennis_bencic_belinda_vs_kalinskaya_anna_2026_07_03t100000_0000,tennis,"WTA - Wimbledon, London, Great Britain, Qualifying","Bencic, Belinda vs Kalinskaya, Anna",TENNIS_GAMES_SETS,"Bencic, Belinda + hdp",NO_NUMERIC_LINE_REQUIRED + 1,OPERATOR_QUOTE_REQUIRED_FOR_BETTABLE,OPERATOR_SCREEN_ONLY,MEDIUM,MEDIUM,Same-event review group combines a line-free anchor with one operator-line-required derivative leg.,A low-event-pace match can break the derivative leg even when the result leg survives.,HIGH,result; tennis_bencic_belinda_vs_kalinskaya_anna_2026_07_03t100000_0000; total_games,HIGH,Scenario fit and leg correlation are analytically useful before any combined operator quote.,Visible Superbet Bet Builder combined odds plus exact operator leg lines.
34,TOP_BET_BUILDER_CONCEPT_INPUTS,concept,concept_tennis_hurkacz_hubert_vs_paul_tommy_2026_07_03t125000_0000,tennis,"ATP - Wimbledon, London, GB, Qualifying, 1st - 2nd Round","Hurkacz, Hubert vs Paul, Tommy",TENNIS_GAMES_SETS,"Hurkacz, Hubert + hdp",NO_NUMERIC_LINE_REQUIRED + 1,OPERATOR_QUOTE_REQUIRED_FOR_BETTABLE,OPERATOR_SCREEN_ONLY,MEDIUM,MEDIUM,Same-event review group combines a line-free anchor with one operator-line-required derivative leg.,A low-event-pace match can break the derivative leg even when the result leg survives.,HIGH,result; tennis_hurkacz_hubert_vs_paul_tommy_2026_07_03t125000_0000; total_games,HIGH,Scenario fit and leg correlation are analytically useful before any combined operator quote.,Visible Superbet Bet Builder combined odds plus exact operator leg lines.
35,TOP_BET_BUILDER_CONCEPT_INPUTS,concept,concept_basketball_israel_vs_germany_2026_07_03t170000_0000,basketball,"International - FIBA World Cup, European Qualifiers, Group E",Israel vs Germany,BASKETBALL_SPREAD_TOTAL,Israel + hdp,NO_NUMERIC_LINE_REQUIRED + 1,OPERATOR_QUOTE_REQUIRED_FOR_BETTABLE,OPERATOR_SCREEN_ONLY,MEDIUM,MEDIUM,Same-event review group combines a line-free anchor with one operator-line-required derivative leg.,A low-event-pace match can break the derivative leg even when the result leg survives.,HIGH,basketball_israel_vs_germany_2026_07_03t170000_0000; result; spread,HIGH,Scenario fit and leg correlation are analytically useful before any combined operator quote.,Visible Superbet Bet Builder combined odds plus exact operator leg lines.
36,TOP_BET_BUILDER_CONCEPT_INPUTS,concept,concept_basketball_austria_vs_poland_2026_07_03t160000_0000,basketball,"International - FIBA World Cup, European Qualifiers, Group F",Austria vs Poland,BASKETBALL_SPREAD_TOTAL,Austria + hdp,NO_NUMERIC_LINE_REQUIRED + 1,OPERATOR_QUOTE_REQUIRED_FOR_BETTABLE,OPERATOR_SCREEN_ONLY,MEDIUM,MEDIUM,Same-event review group combines a line-free anchor with one operator-line-required derivative leg.,A low-event-pace match can break the derivative leg even when the result leg survives.,HIGH,basketball_austria_vs_poland_2026_07_03t160000_0000; result; spread,HIGH,Scenario fit and leg correlation are analytically useful before any combined operator quote.,Visible Superbet Bet Builder combined odds plus exact operator leg lines.
37,TOP_BET_BUILDER_CONCEPT_INPUTS,concept,concept_basketball_netherlands_vs_latvia_2026_07_03t173000_0000,basketball,"International - FIBA World Cup, European Qualifiers, Group F",Netherlands vs Latvia,BASKETBALL_SPREAD_TOTAL,Netherlands + hdp,NO_NUMERIC_LINE_REQUIRED + 1,OPERATOR_QUOTE_REQUIRED_FOR_BETTABLE,OPERATOR_SCREEN_ONLY,MEDIUM,MEDIUM,Same-event review group combines a line-free anchor with one operator-line-required derivative leg.,A low-event-pace match can break the derivative leg even when the result leg survives.,HIGH,basketball_netherlands_vs_latvia_2026_07_03t173000_0000; result; spread,HIGH,Scenario fit and leg correlation are analytically useful before any combined operator quote.,Visible Superbet Bet Builder combined odds plus exact operator leg lines.
38,TOP_BET_BUILDER_CONCEPT_INPUTS,concept,concept_basketball_belgium_vs_france_2026_07_03t183000_0000,basketball,"International - FIBA World Cup, European Qualifiers, Group G",Belgium vs France,BASKETBALL_SPREAD_TOTAL,Belgium + hdp,NO_NUMERIC_LINE_REQUIRED + 1,OPERATOR_QUOTE_REQUIRED_FOR_BETTABLE,OPERATOR_SCREEN_ONLY,MEDIUM,MEDIUM,Same-event review group combines a line-free anchor with one operator-line-required derivative leg.,A low-event-pace match can break the derivative leg even when the result leg survives.,HIGH,basketball_belgium_vs_france_2026_07_03t183000_0000; result; spread,HIGH,Scenario fit and leg correlation are analytically useful before any combined operator quote.,Visible Superbet Bet Builder combined odds plus exact operator leg lines.
39,TOP_BET_BUILDER_CONCEPT_INPUTS,concept,concept_basketball_canterbury_rams_vs_manawatu_jets_2026_07_03t073000_0000,basketball,New Zealand - NBL,Canterbury Rams vs Manawatu Jets,BASKETBALL_SPREAD_TOTAL,Canterbury Rams + Canterbury Rams,NO_NUMERIC_LINE_REQUIRED + 1,OPERATOR_QUOTE_REQUIRED_FOR_BETTABLE,OPERATOR_SCREEN_ONLY,MEDIUM,MEDIUM,Same-event review group combines a line-free anchor with one operator-line-required derivative leg.,A low-event-pace match can break the derivative leg even when the result leg survives.,HIGH,basketball_canterbury_rams_vs_manawatu_jets_2026_07_03t073000_0000; result; spread,HIGH,Scenario fit and leg correlation are analytically useful before any combined operator quote.,Visible Superbet Bet Builder combined odds plus exact operator leg lines.
40,TOP_BET_BUILDER_CONCEPT_INPUTS,concept,concept_basketball_korea_republic_vs_chinese_taipei_2026_07_03t103000_0000,basketball,"International - FIBA World Cup, Asian & Oceanian Qualifiers, Gr. B",Korea Republic vs Chinese Taipei,BASKETBALL_SPREAD_TOTAL,Korea Republic + Korea Republic,NO_NUMERIC_LINE_REQUIRED + 1,OPERATOR_QUOTE_REQUIRED_FOR_BETTABLE,OPERATOR_SCREEN_ONLY,MEDIUM,MEDIUM,Same-event review group combines a line-free anchor with one operator-line-required derivative leg.,A low-event-pace match can break the derivative leg even when the result leg survives.,HIGH,basketball_korea_republic_vs_chinese_taipei_2026_07_03t103000_0000; result; spread,HIGH,Scenario fit and leg correlation are analytically useful before any combined operator quote.,Visible Superbet Bet Builder combined odds plus exact operator leg lines.
41,TOP_BET_BUILDER_CONCEPT_INPUTS,concept,concept_basketball_china_vs_japan_2026_07_03t113000_0000,basketball,"International - FIBA World Cup, Asian & Oceanian Qualifiers, Gr. B",China vs Japan,BASKETBALL_SPREAD_TOTAL,China + China,NO_NUMERIC_LINE_REQUIRED + 1,OPERATOR_QUOTE_REQUIRED_FOR_BETTABLE,OPERATOR_SCREEN_ONLY,MEDIUM,MEDIUM,Same-event review group combines a line-free anchor with one operator-line-required derivative leg.,A low-event-pace match can break the derivative leg even when the result leg survives.,HIGH,basketball_china_vs_japan_2026_07_03t113000_0000; result; spread,HIGH,Scenario fit and leg correlation are analytically useful before any combined operator quote.,Visible Superbet Bet Builder combined odds plus exact operator leg lines.
42,TOP_BET_BUILDER_CONCEPT_INPUTS,concept,concept_basketball_finland_vs_hungary_2026_07_03t153000_0000,basketball,"International - FIBA World Cup, European Qualifiers, Group G",Finland vs Hungary,BASKETBALL_SPREAD_TOTAL,Finland + Finland,NO_NUMERIC_LINE_REQUIRED + 1,OPERATOR_QUOTE_REQUIRED_FOR_BETTABLE,OPERATOR_SCREEN_ONLY,MEDIUM,MEDIUM,Same-event review group combines a line-free anchor with one operator-line-required derivative leg.,A low-event-pace match can break the derivative leg even when the result leg survives.,HIGH,basketball_finland_vs_hungary_2026_07_03t153000_0000; result; spread,HIGH,Scenario fit and leg correlation are analytically useful before any combined operator quote.,Visible Superbet Bet Builder combined odds plus exact operator leg lines.
43,TOP_BET_BUILDER_CONCEPT_INPUTS,concept,concept_cs2_betboom_team_vs_team_nemesis_2026_07_03t130000_0000,cs2,XSE Pro League,BetBoom Team vs Team Nemesis,ESPORTS_MAPS,BetBoom Team + hdp,NO_NUMERIC_LINE_REQUIRED + 2,OPERATOR_QUOTE_REQUIRED_FOR_BETTABLE,OPERATOR_SCREEN_ONLY,MEDIUM,MEDIUM,Same-event review group combines a line-free anchor with one operator-line-required derivative leg.,A low-event-pace match can break the derivative leg even when the result leg survives.,HIGH,cs2_betboom_team_vs_team_nemesis_2026_07_03t130000_0000; map_handicap; result,HIGH,Scenario fit and leg correlation are analytically useful before any combined operator quote.,Visible Superbet Bet Builder combined odds plus exact operator leg lines.
44,TOP_BET_BUILDER_CONCEPT_INPUTS,concept,concept_cs2_faze_vs_sinners_2026_07_03t130000_0000,cs2,XSE Pro League,FaZe vs Sinners,ESPORTS_MAPS,FaZe + FaZe,NO_NUMERIC_LINE_REQUIRED + 1,OPERATOR_QUOTE_REQUIRED_FOR_BETTABLE,OPERATOR_SCREEN_ONLY,MEDIUM,MEDIUM,Same-event review group combines a line-free anchor with one operator-line-required derivative leg.,A low-event-pace match can break the derivative leg even when the result leg survives.,HIGH,cs2_faze_vs_sinners_2026_07_03t130000_0000; map_handicap; result,HIGH,Scenario fit and leg correlation are analytically useful before any combined operator quote.,Visible Superbet Bet Builder combined odds plus exact operator leg lines.
45,TOP_BET_BUILDER_CONCEPT_INPUTS,concept,concept_valorant_g2_esports_vs_nongshim_redforce_2026_07_03t134500_0000,valorant,Esports World Cup,G2 Esports vs Nongshim RedForce,ESPORTS_MAPS,G2 Esports + hdp,NO_NUMERIC_LINE_REQUIRED + 2,OPERATOR_QUOTE_REQUIRED_FOR_BETTABLE,OPERATOR_SCREEN_ONLY,MEDIUM,MEDIUM,Same-event review group combines a line-free anchor with one operator-line-required derivative leg.,A low-event-pace match can break the derivative leg even when the result leg survives.,HIGH,map_handicap; result; valorant_g2_esports_vs_nongshim_redforce_2026_07_03t134500_0000,HIGH,Scenario fit and leg correlation are analytically useful before any combined operator quote.,Visible Superbet Bet Builder combined odds plus exact operator leg lines.
46,TOP_BET_BUILDER_CONCEPT_INPUTS,concept,concept_valorant_mibr_los_vs_global_esports_2026_07_03t110000_0000,valorant,Esports World Cup,MIBR LOS vs Global Esports,ESPORTS_MAPS,MIBR LOS + MIBR LOS,NO_NUMERIC_LINE_REQUIRED + 1,OPERATOR_QUOTE_REQUIRED_FOR_BETTABLE,OPERATOR_SCREEN_ONLY,MEDIUM,MEDIUM,Same-event review group combines a line-free anchor with one operator-line-required derivative leg.,A low-event-pace match can break the derivative leg even when the result leg survives.,HIGH,map_handicap; result; valorant_mibr_los_vs_global_esports_2026_07_03t110000_0000,HIGH,Scenario fit and leg correlation are analytically useful before any combined operator quote.,Visible Superbet Bet Builder combined odds plus exact operator leg lines.
47,TOP_BET_BUILDER_CONCEPT_INPUTS,concept,concept_valorant_team_heretics_vs_ag_al_international_2026_07_03t110000_0000,valorant,Esports World Cup,Team Heretics vs AG.AL International,ESPORTS_MAPS,Team Heretics + Team Heretics,NO_NUMERIC_LINE_REQUIRED + 2,OPERATOR_QUOTE_REQUIRED_FOR_BETTABLE,OPERATOR_SCREEN_ONLY,MEDIUM,MEDIUM,Same-event review group combines a line-free anchor with one operator-line-required derivative leg.,A low-event-pace match can break the derivative leg even when the result leg survives.,HIGH,map_handicap; result; valorant_team_heretics_vs_ag_al_international_2026_07_03t110000_0000,HIGH,Scenario fit and leg correlation are analytically useful before any combined operator quote.,Visible Superbet Bet Builder combined odds plus exact operator leg lines.
48,TOP_BET_BUILDER_CONCEPT_INPUTS,concept,concept_cs2_parivision_vs_lynn_vision_2026_07_03t080000_0000,cs2,XSE Pro League,PARIVISION vs Lynn Vision,ESPORTS_MAPS,PARIVISION + PARIVISION,NO_NUMERIC_LINE_REQUIRED + 1,OPERATOR_QUOTE_REQUIRED_FOR_BETTABLE,OPERATOR_SCREEN_ONLY,MEDIUM,MEDIUM,Same-event review group combines a line-free anchor with one operator-line-required derivative leg.,A low-event-pace match can break the derivative leg even when the result leg survives.,HIGH,cs2_parivision_vs_lynn_vision_2026_07_03t080000_0000; map_handicap; result,HIGH,Scenario fit and leg correlation are analytically useful before any combined operator quote.,Visible Superbet Bet Builder combined odds plus exact operator leg lines.
49,TOP_BET_BUILDER_CONCEPT_INPUTS,concept,concept_cs2_big_vs_mibr_2026_07_03t080000_0000,cs2,XSE Pro League,BIG vs MIBR,ESPORTS_MAPS,BIG + hdp,NO_NUMERIC_LINE_REQUIRED + 1,OPERATOR_QUOTE_REQUIRED_FOR_BETTABLE,OPERATOR_SCREEN_ONLY,MEDIUM,MEDIUM,Same-event review group combines a line-free anchor with one operator-line-required derivative leg.,A low-event-pace match can break the derivative leg even when the result leg survives.,HIGH,cs2_big_vs_mibr_2026_07_03t080000_0000; map_handicap; result,HIGH,Scenario fit and leg correlation are analytically useful before any combined operator quote.,Visible Superbet Bet Builder combined odds plus exact operator leg lines.
